策略,回测ID,trade_date,equity,hold_market_value,balance,profit_loss,position_count
策略1_双低,01a10722-dff8-7ee2-ab6c-3d6fa21353d8,2026-01-05,999006.93,993061.15,5945.78,-993.07,10
策略1_双低,01a10722-dff8-7ee2-ab6c-3d6fa21353d8,2026-01-06,1016288.23,1009598.45,6689.78,15544.23,10
策略1_双低,01a10722-dff8-7ee2-ab6c-3d6fa21353d8,2026-01-07,1013477.22,1006787.44,6689.78,12733.22,10
策略1_双低,01a10722-dff8-7ee2-ab6c-3d6fa21353d8,2026-01-08,1009158.67,1002468.89,6689.78,8414.67,10
策略1_双低,01a10722-dff8-7ee2-ab6c-3d6fa21353d8,2026-01-09,1015906.38,1009216.6,6689.78,15162.38,10
策略1_双低,01a10722-dff8-7ee2-ab6c-3d6fa21353d8,2026-01-12,1026292.89,1019603.11,6689.78,25548.89,10
策略1_双低,01a10722-dff8-7ee2-ab6c-3d6fa21353d8,2026-01-13,1018938.2,1012248.42,6689.78,18194.2,10
策略1_双低,01a10722-dff8-7ee2-ab6c-3d6fa21353d8,2026-01-14,1013400.83,1006711.05,6689.78,12656.83,10
策略1_双低,01a10722-dff8-7ee2-ab6c-3d6fa21353d8,2026-01-15,1017581.81,1010892.03,6689.78,16837.81,10
策略1_双低,01a10722-dff8-7ee2-ab6c-3d6fa21353d8,2026-01-16,1012707.52,1006017.74,6689.78,11963.52,10
策略1_双低,01a10722-dff8-7ee2-ab6c-3d6fa21353d8,2026-01-19,1014682.76,1006337.91,8344.85,10764.52,14
策略1_双低,01a10722-dff8-7ee2-ab6c-3d6fa21353d8,2026-01-20,1015098.02,1006753.17,8344.85,11179.78,10
策略1_双低,01a10722-dff8-7ee2-ab6c-3d6fa21353d8,2026-01-21,1015171.03,1006826.18,8344.85,11252.79,10
策略1_双低,01a10722-dff8-7ee2-ab6c-3d6fa21353d8,2026-01-22,1026634.05,1018289.2,8344.85,22715.81,10
策略1_双低,01a10722-dff8-7ee2-ab6c-3d6fa21353d8,2026-01-23,1031735.91,1023391.06,8344.85,27817.67,10
策略1_双低,01a10722-dff8-7ee2-ab6c-3d6fa21353d8,2026-01-26,1019699.72,1011354.87,8344.85,15781.48,10
策略1_双低,01a10722-dff8-7ee2-ab6c-3d6fa21353d8,2026-01-27,1017488.85,1009144.0,8344.85,13570.61,10
策略1_双低,01a10722-dff8-7ee2-ab6c-3d6fa21353d8,2026-01-28,1032956.36,1024611.51,8344.85,29038.12,10
策略1_双低,01a10722-dff8-7ee2-ab6c-3d6fa21353d8,2026-01-29,1030532.18,1022187.33,8344.85,26613.94,10
策略1_双低,01a10722-dff8-7ee2-ab6c-3d6fa21353d8,2026-01-30,1012961.52,1004616.67,8344.85,9043.28,10
策略1_双低,01a10722-dff8-7ee2-ab6c-3d6fa21353d8,2026-02-02,990882.24,982293.67,8588.57,-4584.51,13
策略1_双低,01a10722-dff8-7ee2-ab6c-3d6fa21353d8,2026-02-03,997286.69,988698.12,8588.57,1819.94,10
策略1_双低,01a10722-dff8-7ee2-ab6c-3d6fa21353d8,2026-02-04,991589.8,983001.23,8588.57,-3876.95,10
策略1_双低,01a10722-dff8-7ee2-ab6c-3d6fa21353d8,2026-02-05,983632.25,975043.68,8588.57,-11834.5,10
策略1_双低,01a10722-dff8-7ee2-ab6c-3d6fa21353d8,2026-02-06,995253.37,986664.8,8588.57,-213.38,10
策略1_双低,01a10722-dff8-7ee2-ab6c-3d6fa21353d8,2026-02-09,996807.56,988218.99,8588.57,1340.81,10
策略1_双低,01a10722-dff8-7ee2-ab6c-3d6fa21353d8,2026-02-10,995929.06,987340.49,8588.57,462.31,10
策略1_双低,01a10722-dff8-7ee2-ab6c-3d6fa21353d8,2026-02-11,1000144.71,991556.14,8588.57,4677.96,10
策略1_双低,01a10722-dff8-7ee2-ab6c-3d6fa21353d8,2026-02-12,989656.9,981068.33,8588.57,-5809.85,10
策略1_双低,01a10722-dff8-7ee2-ab6c-3d6fa21353d8,2026-02-13,983316.1,974727.53,8588.57,-12150.65,10
策略1_双低,01a10722-dff8-7ee2-ab6c-3d6fa21353d8,2026-02-24,994527.75,988828.13,5699.62,5852.84,16
策略1_双低,01a10722-dff8-7ee2-ab6c-3d6fa21353d8,2026-02-25,1002103.41,996403.79,5699.62,13428.5,10
策略1_双低,01a10722-dff8-7ee2-ab6c-3d6fa21353d8,2026-02-26,996197.85,990498.23,5699.62,7522.94,10
策略1_双低,01a10722-dff8-7ee2-ab6c-3d6fa21353d8,2026-02-27,993661.76,987962.14,5699.62,4986.85,10
策略1_双低,01a10722-dff8-7ee2-ab6c-3d6fa21353d8,2026-03-02,986291.9,980592.28,5699.62,-2383.01,10
策略1_双低,01a10722-dff8-7ee2-ab6c-3d6fa21353d8,2026-03-03,977381.61,971681.99,5699.62,-11293.3,10
策略1_双低,01a10722-dff8-7ee2-ab6c-3d6fa21353d8,2026-03-04,973203.21,967503.59,5699.62,-15471.7,10
策略1_双低,01a10722-dff8-7ee2-ab6c-3d6fa21353d8,2026-03-05,976014.11,970314.49,5699.62,-12660.8,10
策略1_双低,01a10722-dff8-7ee2-ab6c-3d6fa21353d8,2026-03-06,978873.01,972581.39,6291.62,-10393.9,10
策略1_双低,01a10722-dff8-7ee2-ab6c-3d6fa21353d8,2026-03-09,978077.29,971785.67,6291.62,-11189.62,10
策略1_双低,01a10722-dff8-7ee2-ab6c-3d6fa21353d8,2026-03-10,980014.13,973770.79,6243.34,-2945.99,17
策略1_双低,01a10722-dff8-7ee2-ab6c-3d6fa21353d8,2026-03-11,982019.37,975776.03,6243.34,-940.75,10
策略1_双低,01a10722-dff8-7ee2-ab6c-3d6fa21353d8,2026-03-12,972081.8,965838.46,6243.34,-10878.32,10
策略1_双低,01a10722-dff8-7ee2-ab6c-3d6fa21353d8,2026-03-13,959841.89,953598.55,6243.34,-23118.23,10
策略1_双低,01a10722-dff8-7ee2-ab6c-3d6fa21353d8,2026-03-16,959157.51,952914.17,6243.34,-23802.61,10
策略1_双低,01a10722-dff8-7ee2-ab6c-3d6fa21353d8,2026-03-17,956923.5,950680.16,6243.34,-26036.62,10
策略1_双低,01a10722-dff8-7ee2-ab6c-3d6fa21353d8,2026-03-18,953283.57,947040.23,6243.34,-29676.55,10
策略1_双低,01a10722-dff8-7ee2-ab6c-3d6fa21353d8,2026-03-19,939384.64,933141.3,6243.34,-43575.48,10
策略1_双低,01a10722-dff8-7ee2-ab6c-3d6fa21353d8,2026-03-20,921409.42,915166.08,6243.34,-61550.7,10
策略1_双低,01a10722-dff8-7ee2-ab6c-3d6fa21353d8,2026-03-23,914433.62,908190.28,6243.34,-68526.5,10
策略1_双低,01a10722-dff8-7ee2-ab6c-3d6fa21353d8,2026-03-24,924043.66,915959.34,8084.32,-14219.74,14
策略1_双低,01a10722-dff8-7ee2-ab6c-3d6fa21353d8,2026-03-25,925600.46,917516.14,8084.32,-12662.94,10
策略1_双低,01a10722-dff8-7ee2-ab6c-3d6fa21353d8,2026-03-26,917404.5,909320.18,8084.32,-20858.9,10
策略1_双低,01a10722-dff8-7ee2-ab6c-3d6fa21353d8,2026-03-27,918930.61,910846.29,8084.32,-19332.79,10
策略1_双低,01a10722-dff8-7ee2-ab6c-3d6fa21353d8,2026-03-30,910469.79,902385.47,8084.32,-27793.61,10
策略1_双低,01a10722-dff8-7ee2-ab6c-3d6fa21353d8,2026-03-31,902348.25,894263.93,8084.32,-35915.15,10
策略1_双低,01a10722-dff8-7ee2-ab6c-3d6fa21353d8,2026-04-01,916448.98,908364.66,8084.32,-21814.42,10
策略1_双低,01a10722-dff8-7ee2-ab6c-3d6fa21353d8,2026-04-02,899583.03,891498.71,8084.32,-38680.37,10
策略1_双低,01a10722-dff8-7ee2-ab6c-3d6fa21353d8,2026-04-03,896815.94,888731.62,8084.32,-41447.46,10
策略1_双低,01a10722-dff8-7ee2-ab6c-3d6fa21353d8,2026-04-07,903248.04,895163.72,8084.32,-35015.36,10
策略1_双低,01a10722-dff8-7ee2-ab6c-3d6fa21353d8,2026-04-08,910366.52,904431.28,5935.24,-24241.74,13
策略1_双低,01a10722-dff8-7ee2-ab6c-3d6fa21353d8,2026-04-09,903950.43,898015.19,5935.24,-30657.83,10
策略1_双低,01a10722-dff8-7ee2-ab6c-3d6fa21353d8,2026-04-10,901839.08,895903.84,5935.24,-32769.18,10
策略1_双低,01a10722-dff8-7ee2-ab6c-3d6fa21353d8,2026-04-13,895836.05,889900.81,5935.24,-38772.21,10
策略1_双低,01a10722-dff8-7ee2-ab6c-3d6fa21353d8,2026-04-14,899333.7,893398.46,5935.24,-35274.56,10
策略1_双低,01a10722-dff8-7ee2-ab6c-3d6fa21353d8,2026-04-15,897724.57,891789.33,5935.24,-36883.69,10
策略1_双低,01a10722-dff8-7ee2-ab6c-3d6fa21353d8,2026-04-16,909694.5,903759.26,5935.24,-24913.76,10
策略1_双低,01a10722-dff8-7ee2-ab6c-3d6fa21353d8,2026-04-17,906600.52,900665.28,5935.24,-28007.74,10
策略1_双低,01a10722-dff8-7ee2-ab6c-3d6fa21353d8,2026-04-20,906106.18,900170.94,5935.24,-28502.08,10
策略1_双低,01a10722-dff8-7ee2-ab6c-3d6fa21353d8,2026-04-21,901026.45,895091.21,5935.24,-33581.81,10
策略1_双低,01a10722-dff8-7ee2-ab6c-3d6fa21353d8,2026-04-22,897588.07,888986.92,8601.15,-32829.6,13
策略1_双低,01a10722-dff8-7ee2-ab6c-3d6fa21353d8,2026-04-23,889354.62,880753.47,8601.15,-41063.05,10
策略1_双低,01a10722-dff8-7ee2-ab6c-3d6fa21353d8,2026-04-24,887044.58,878443.43,8601.15,-43373.09,10
策略1_双低,01a10722-dff8-7ee2-ab6c-3d6fa21353d8,2026-04-27,892923.33,884322.18,8601.15,-37494.34,10
策略1_双低,01a10722-dff8-7ee2-ab6c-3d6fa21353d8,2026-04-28,889235.07,880633.92,8601.15,-41182.6,10
策略1_双低,01a10722-dff8-7ee2-ab6c-3d6fa21353d8,2026-04-29,884124.14,875522.99,8601.15,-46293.53,10
策略1_双低,01a10722-dff8-7ee2-ab6c-3d6fa21353d8,2026-04-30,860117.81,851516.66,8601.15,-70299.86,10
策略1_双低,01a10722-dff8-7ee2-ab6c-3d6fa21353d8,2026-05-06,839577.97,830976.82,8601.15,-90839.7,10
策略1_双低,01a10722-dff8-7ee2-ab6c-3d6fa21353d8,2026-05-07,854693.61,846092.46,8601.15,-75724.06,10
策略1_双低,01a10722-dff8-7ee2-ab6c-3d6fa21353d8,2026-05-08,868318.45,859717.3,8601.15,-62099.22,10
策略1_双低,01a10722-dff8-7ee2-ab6c-3d6fa21353d8,2026-05-11,867413.3,858979.71,8433.59,2842.41,16
策略1_双低,01a10722-dff8-7ee2-ab6c-3d6fa21353d8,2026-05-12,857207.94,848774.35,8433.59,-7362.95,10
策略1_双低,01a10722-dff8-7ee2-ab6c-3d6fa21353d8,2026-05-13,863857.87,855424.28,8433.59,-713.02,10
策略1_双低,01a10722-dff8-7ee2-ab6c-3d6fa21353d8,2026-05-14,854786.17,846352.58,8433.59,-9784.72,10
策略1_双低,01a10722-dff8-7ee2-ab6c-3d6fa21353d8,2026-05-15,846319.74,837886.15,8433.59,-18251.15,10
策略1_双低,01a10722-dff8-7ee2-ab6c-3d6fa21353d8,2026-05-18,837622.07,829188.48,8433.59,-26948.82,10
策略1_双低,01a10722-dff8-7ee2-ab6c-3d6fa21353d8,2026-05-19,841926.4,833492.81,8433.59,-22644.49,10
策略1_双低,01a10722-dff8-7ee2-ab6c-3d6fa21353d8,2026-05-20,845211.82,836778.23,8433.59,-19359.07,10
策略1_双低,01a10722-dff8-7ee2-ab6c-3d6fa21353d8,2026-05-21,838580.03,830146.44,8433.59,-25990.86,10
策略1_双低,01a10722-dff8-7ee2-ab6c-3d6fa21353d8,2026-05-22,839222.74,830789.15,8433.59,-25348.15,10
策略1_双低,01a10722-dff8-7ee2-ab6c-3d6fa21353d8,2026-05-25,837449.86,830798.93,6650.93,-28764.51,13
策略1_双低,01a10722-dff8-7ee2-ab6c-3d6fa21353d8,2026-05-26,832240.9,825589.97,6650.93,-33973.47,10
策略1_双低,01a10722-dff8-7ee2-ab6c-3d6fa21353d8,2026-05-27,825599.78,818948.85,6650.93,-40614.59,10
策略1_双低,01a10722-dff8-7ee2-ab6c-3d6fa21353d8,2026-05-28,828622.2,821971.27,6650.93,-37592.17,10
策略1_双低,01a10722-dff8-7ee2-ab6c-3d6fa21353d8,2026-05-29,828196.04,821545.11,6650.93,-38018.33,10
策略1_双低,01a10722-dff8-7ee2-ab6c-3d6fa21353d8,2026-06-01,831679.2,825028.27,6650.93,-34535.17,10
策略1_双低,01a10722-dff8-7ee2-ab6c-3d6fa21353d8,2026-06-02,828195.74,821544.81,6650.93,-38018.63,10
策略1_双低,01a10722-dff8-7ee2-ab6c-3d6fa21353d8,2026-06-03,826019.47,819368.54,6650.93,-40194.9,10
策略1_双低,01a10722-dff8-7ee2-ab6c-3d6fa21353d8,2026-06-04,824984.05,818333.12,6650.93,-41230.32,10
策略1_双低,01a10722-dff8-7ee2-ab6c-3d6fa21353d8,2026-06-05,826183.77,819532.84,6650.93,-40030.6,10
策略1_双低,01a10722-dff8-7ee2-ab6c-3d6fa21353d8,2026-06-08,822200.28,813861.28,8339.0,-24584.51,13
策略1_双低,01a10722-dff8-7ee2-ab6c-3d6fa21353d8,2026-06-09,822379.31,814040.31,8339.0,-24405.48,10
策略1_双低,01a10722-dff8-7ee2-ab6c-3d6fa21353d8,2026-06-10,817355.18,809016.18,8339.0,-29429.61,10
策略1_双低,01a10722-dff8-7ee2-ab6c-3d6fa21353d8,2026-06-11,814628.92,806289.92,8339.0,-32155.87,10
策略1_双低,01a10722-dff8-7ee2-ab6c-3d6fa21353d8,2026-06-12,818041.71,809702.71,8339.0,-28743.08,10
策略1_双低,01a10722-dff8-7ee2-ab6c-3d6fa21353d8,2026-06-15,816098.54,807759.54,8339.0,-30686.25,10
策略1_双低,01a10722-dff8-7ee2-ab6c-3d6fa21353d8,2026-06-16,812442.01,804103.01,8339.0,-34342.78,10
策略1_双低,01a10722-dff8-7ee2-ab6c-3d6fa21353d8,2026-06-17,810235.08,801896.08,8339.0,-36549.71,10
策略1_双低,01a10722-dff8-7ee2-ab6c-3d6fa21353d8,2026-06-18,808497.96,800158.96,8339.0,-38286.83,10
策略1_双低,01a10722-dff8-7ee2-ab6c-3d6fa21353d8,2026-06-22,810169.12,801830.12,8339.0,-36615.67,10
策略1_双低,01a10722-dff8-7ee2-ab6c-3d6fa21353d8,2026-06-23,808413.97,800341.17,8072.8,-34317.99,12
策略1_双低,01a10722-dff8-7ee2-ab6c-3d6fa21353d8,2026-06-24,804291.65,796218.85,8072.8,-38440.31,10
策略1_双低,01a10722-dff8-7ee2-ab6c-3d6fa21353d8,2026-06-25,809859.84,801787.04,8072.8,-32872.12,10
策略1_双低,01a10722-dff8-7ee2-ab6c-3d6fa21353d8,2026-06-26,805036.9,796964.1,8072.8,-37695.06,10
策略1_双低,01a10722-dff8-7ee2-ab6c-3d6fa21353d8,2026-06-29,803077.55,795004.75,8072.8,-39654.41,10
策略1_双低,01a10722-dff8-7ee2-ab6c-3d6fa21353d8,2026-06-30,802665.29,794592.49,8072.8,-40066.67,10
策略1_双低,01a10722-dff8-7ee2-ab6c-3d6fa21353d8,2026-07-01,811573.48,803500.68,8072.8,-31158.48,10
策略1_双低,01a10722-dff8-7ee2-ab6c-3d6fa21353d8,2026-07-02,815335.33,807262.53,8072.8,-27396.63,10
策略1_双低,01a10722-dff8-7ee2-ab6c-3d6fa21353d8,2026-07-03,812208.56,804135.76,8072.8,-30523.4,10
策略1_双低,01a10722-dff8-7ee2-ab6c-3d6fa21353d8,2026-07-06,815440.01,807367.21,8072.8,-27291.95,10
策略1_双低,01a10722-dff8-7ee2-ab6c-3d6fa21353d8,2026-07-07,808543.68,802406.82,6136.86,-24413.45,15
策略1_双低,01a10722-dff8-7ee2-ab6c-3d6fa21353d8,2026-07-08,808767.3,802630.44,6136.86,-24189.83,10
策略1_双低,01a10722-dff8-7ee2-ab6c-3d6fa21353d8,2026-07-09,809013.69,802876.83,6136.86,-23943.44,10
策略1_双低,01a10722-dff8-7ee2-ab6c-3d6fa21353d8,2026-07-10,809927.82,803790.96,6136.86,-23029.31,10
策略1_双低,01a10722-dff8-7ee2-ab6c-3d6fa21353d8,2026-07-13,805615.45,799478.59,6136.86,-27341.68,10
策略1_双低,01a10722-dff8-7ee2-ab6c-3d6fa21353d8,2026-07-14,813751.97,807615.11,6136.86,-19205.16,10
策略1_双低,01a10722-dff8-7ee2-ab6c-3d6fa21353d8,2026-07-15,821233.8,815096.94,6136.86,-11723.33,10
策略1_双低,01a10722-dff8-7ee2-ab6c-3d6fa21353d8,2026-07-16,819583.2,813446.34,6136.86,-13373.93,10
策略1_双低,01a10722-dff8-7ee2-ab6c-3d6fa21353d8,2026-07-17,816697.02,810560.16,6136.86,-16260.11,10
策略1_双低,01a10722-dff8-7ee2-ab6c-3d6fa21353d8,2026-07-20,815825.91,809689.05,6136.86,-17131.22,10
策略1_双低,01a10722-dff8-7ee2-ab6c-3d6fa21353d8,2026-07-21,817687.55,810163.73,7523.82,517.25,13
策略1_双低,01a10722-dff8-7ee2-ab6c-3d6fa21353d8,2026-07-22,820944.24,813420.42,7523.82,3773.94,10
策略1_双低,01a10722-dff8-7ee2-ab6c-3d6fa21353d8,2026-07-23,822722.84,815199.02,7523.82,5552.54,10
策略1_双低,01a10722-dff8-7ee2-ab6c-3d6fa21353d8,2026-07-24,811429.03,803905.21,7523.82,-5741.27,10
策略1_双低,01a10722-dff8-7ee2-ab6c-3d6fa21353d8,2026-07-27,818391.06,810867.24,7523.82,1220.76,10
策略1_双低,01a10722-dff8-7ee2-ab6c-3d6fa21353d8,2026-07-28,813573.67,806049.85,7523.82,-3596.63,10
策略1_双低,01a10722-dff8-7ee2-ab6c-3d6fa21353d8,2026-07-29,819229.71,811705.89,7523.82,2059.41,10
策略1_双低,01a10722-dff8-7ee2-ab6c-3d6fa21353d8,2026-07-30,819708.38,812184.56,7523.82,2538.08,10
策略1_双低,01a10722-dff8-7ee2-ab6c-3d6fa21353d8,2026-07-31,821558.71,814034.89,7523.82,4388.41,10
策略1_双低,01a10722-dff8-7ee2-ab6c-3d6fa21353d8,2026-08-03,821376.65,813852.83,7523.82,4206.35,10
策略1_双低,01a10722-dff8-7ee2-ab6c-3d6fa21353d8,2026-08-04,811370.18,804715.59,6654.59,-9673.75,12
策略1_双低,01a10722-dff8-7ee2-ab6c-3d6fa21353d8,2026-08-05,808102.82,801448.23,6654.59,-12941.11,10
策略1_双低,01a10722-dff8-7ee2-ab6c-3d6fa21353d8,2026-08-06,803077.13,796422.54,6654.59,-17966.8,10
策略1_双低,01a10722-dff8-7ee2-ab6c-3d6fa21353d8,2026-08-07,803244.84,796590.25,6654.59,-17799.09,10
策略1_双低,01a10722-dff8-7ee2-ab6c-3d6fa21353d8,2026-08-10,808093.62,801439.03,6654.59,-12950.31,10
策略1_双低,01a10722-dff8-7ee2-ab6c-3d6fa21353d8,2026-08-11,808572.27,801917.68,6654.59,-12471.66,10
策略1_双低,01a10722-dff8-7ee2-ab6c-3d6fa21353d8,2026-08-12,806341.56,799686.97,6654.59,-14702.37,10
策略1_双低,01a10722-dff8-7ee2-ab6c-3d6fa21353d8,2026-08-13,803005.53,796350.94,6654.59,-18038.4,10
策略1_双低,01a10722-dff8-7ee2-ab6c-3d6fa21353d8,2026-08-14,800925.52,794270.93,6654.59,-20118.41,10
策略1_双低,01a10722-dff8-7ee2-ab6c-3d6fa21353d8,2026-08-17,802023.61,795369.02,6654.59,-19020.32,10
策略1_双低,01a10722-dff8-7ee2-ab6c-3d6fa21353d8,2026-08-18,800050.87,792582.11,7468.76,-16386.18,13
策略1_双低,01a10722-dff8-7ee2-ab6c-3d6fa21353d8,2026-08-19,801869.94,794401.18,7468.76,-14567.11,10
策略1_双低,01a10722-dff8-7ee2-ab6c-3d6fa21353d8,2026-08-20,802736.44,795267.68,7468.76,-13700.61,10
策略1_双低,01a10722-dff8-7ee2-ab6c-3d6fa21353d8,2026-08-21,799077.26,791608.5,7468.76,-17359.79,10
策略1_双低,01a10722-dff8-7ee2-ab6c-3d6fa21353d8,2026-08-24,796278.13,788809.37,7468.76,-20158.92,10
策略1_双低,01a10722-dff8-7ee2-ab6c-3d6fa21353d8,2026-08-25,795864.32,788395.56,7468.76,-20572.73,10
策略1_双低,01a10722-dff8-7ee2-ab6c-3d6fa21353d8,2026-08-26,797644.81,790176.05,7468.76,-18792.24,10
策略1_双低,01a10722-dff8-7ee2-ab6c-3d6fa21353d8,2026-08-27,802840.13,795371.37,7468.76,-13596.92,10
策略1_双低,01a10722-dff8-7ee2-ab6c-3d6fa21353d8,2026-08-28,801590.3,794121.54,7468.76,-14846.75,10
策略1_双低,01a10722-dff8-7ee2-ab6c-3d6fa21353d8,2026-08-31,801502.95,794034.19,7468.76,-14934.1,10
策略1_双低,01a10722-dff8-7ee2-ab6c-3d6fa21353d8,2026-09-01,802160.57,794636.85,7523.72,-12938.13,12
策略1_双低,01a10722-dff8-7ee2-ab6c-3d6fa21353d8,2026-09-02,798400.47,790876.75,7523.72,-16698.23,10
策略1_双低,01a10722-dff8-7ee2-ab6c-3d6fa21353d8,2026-09-03,798550.76,791027.04,7523.72,-16547.94,10
策略1_双低,01a10722-dff8-7ee2-ab6c-3d6fa21353d8,2026-09-04,797292.7,789768.98,7523.72,-17806.0,10
策略1_双低,01a10722-dff8-7ee2-ab6c-3d6fa21353d8,2026-09-07,795648.38,788124.66,7523.72,-19450.32,10
策略1_双低,01a10722-dff8-7ee2-ab6c-3d6fa21353d8,2026-09-08,794409.28,786885.56,7523.72,-20689.42,10
策略1_双低,01a10722-dff8-7ee2-ab6c-3d6fa21353d8,2026-09-09,791911.79,784388.07,7523.72,-23186.91,10
策略1_双低,01a10722-dff8-7ee2-ab6c-3d6fa21353d8,2026-09-10,791381.94,783858.22,7523.72,-23716.76,10
策略1_双低,01a10722-dff8-7ee2-ab6c-3d6fa21353d8,2026-09-11,787436.12,779912.4,7523.72,-27662.58,10
策略1_双低,01a10722-dff8-7ee2-ab6c-3d6fa21353d8,2026-09-14,787619.12,780095.4,7523.72,-27479.58,10
策略1_双低,01a10722-dff8-7ee2-ab6c-3d6fa21353d8,2026-09-15,783381.32,776312.53,7068.79,-29053.66,12
策略1_双低,01a10722-dff8-7ee2-ab6c-3d6fa21353d8,2026-09-16,785209.07,778140.28,7068.79,-27225.91,10
策略1_双低,01a10722-dff8-7ee2-ab6c-3d6fa21353d8,2026-09-17,782561.15,775492.36,7068.79,-29873.83,10
策略1_双低,01a10722-dff8-7ee2-ab6c-3d6fa21353d8,2026-09-18,783979.83,776911.04,7068.79,-28455.15,10
策略1_双低,01a10722-dff8-7ee2-ab6c-3d6fa21353d8,2026-09-21,782336.37,775267.58,7068.79,-30098.61,10
策略1_双低,01a10722-dff8-7ee2-ab6c-3d6fa21353d8,2026-09-22,779024.62,771955.83,7068.79,-33410.36,10
策略1_双低,01a10722-dff8-7ee2-ab6c-3d6fa21353d8,2026-09-23,772132.86,765064.07,7068.79,-40302.12,10
策略1_双低,01a10722-dff8-7ee2-ab6c-3d6fa21353d8,2026-09-24,763559.47,756490.68,7068.79,-48875.51,10
策略1_双低,01a10722-dff8-7ee2-ab6c-3d6fa21353d8,2026-09-28,756849.86,749781.07,7068.79,-55585.12,10
策略1_双低,01a10722-dff8-7ee2-ab6c-3d6fa21353d8,2026-09-29,756911.77,749842.98,7068.79,-55523.21,10
策略1_双低,01a10722-dff8-7ee2-ab6c-3d6fa21353d8,2026-09-30,761279.21,754658.84,6620.37,-19128.19,15
策略2_低溢价率,01a10724-9bbc-7b10-a082-7bc84be42c91,2026-01-05,999016.31,983693.74,15322.57,-983.69,10
策略2_低溢价率,01a10724-9bbc-7b10-a082-7bc84be42c91,2026-01-06,1012260.73,996938.16,15322.57,12260.73,10
策略2_低溢价率,01a10724-9bbc-7b10-a082-7bc84be42c91,2026-01-07,1030380.61,1015058.04,15322.57,30380.61,10
策略2_低溢价率,01a10724-9bbc-7b10-a082-7bc84be42c91,2026-01-08,1037683.73,1022361.16,15322.57,37683.73,10
策略2_低溢价率,01a10724-9bbc-7b10-a082-7bc84be42c91,2026-01-09,1070280.12,1054957.55,15322.57,70280.12,10
策略2_低溢价率,01a10724-9bbc-7b10-a082-7bc84be42c91,2026-01-12,1115900.38,1100577.81,15322.57,115900.38,10
策略2_低溢价率,01a10724-9bbc-7b10-a082-7bc84be42c91,2026-01-13,1109348.31,1094025.74,15322.57,109348.31,10
策略2_低溢价率,01a10724-9bbc-7b10-a082-7bc84be42c91,2026-01-14,1132023.11,1116700.54,15322.57,132023.11,10
策略2_低溢价率,01a10724-9bbc-7b10-a082-7bc84be42c91,2026-01-15,1118002.59,1102680.02,15322.57,118002.59,10
策略2_低溢价率,01a10724-9bbc-7b10-a082-7bc84be42c91,2026-01-16,1111829.46,1096506.89,15322.57,111829.46,10
策略2_低溢价率,01a10724-9bbc-7b10-a082-7bc84be42c91,2026-01-19,1129616.68,1121975.52,7641.16,11605.84,18
策略2_低溢价率,01a10724-9bbc-7b10-a082-7bc84be42c91,2026-01-20,1121014.28,1113373.12,7641.16,3003.44,10
策略2_低溢价率,01a10724-9bbc-7b10-a082-7bc84be42c91,2026-01-21,1120643.52,1113002.36,7641.16,2632.68,10
策略2_低溢价率,01a10724-9bbc-7b10-a082-7bc84be42c91,2026-01-22,1138436.28,1130795.12,7641.16,20425.44,10
策略2_低溢价率,01a10724-9bbc-7b10-a082-7bc84be42c91,2026-01-23,1140723.5,1133082.34,7641.16,22712.66,10
策略2_低溢价率,01a10724-9bbc-7b10-a082-7bc84be42c91,2026-01-26,1117540.3,1109899.14,7641.16,-470.54,10
策略2_低溢价率,01a10724-9bbc-7b10-a082-7bc84be42c91,2026-01-27,1112901.18,1105260.02,7641.16,-5109.66,10
策略2_低溢价率,01a10724-9bbc-7b10-a082-7bc84be42c91,2026-01-28,1112985.74,1105344.58,7641.16,-5025.1,10
策略2_低溢价率,01a10724-9bbc-7b10-a082-7bc84be42c91,2026-01-29,1109572.38,1101931.22,7641.16,-8438.46,10
策略2_低溢价率,01a10724-9bbc-7b10-a082-7bc84be42c91,2026-01-30,1087223.54,1079582.38,7641.16,-30787.3,10
策略2_低溢价率,01a10724-9bbc-7b10-a082-7bc84be42c91,2026-02-02,1053068.07,1040214.97,12853.1,-7327.72,17
策略2_低溢价率,01a10724-9bbc-7b10-a082-7bc84be42c91,2026-02-03,1098912.55,1086059.45,12853.1,38516.76,10
策略2_低溢价率,01a10724-9bbc-7b10-a082-7bc84be42c91,2026-02-04,1110292.0,1097438.9,12853.1,49896.21,10
策略2_低溢价率,01a10724-9bbc-7b10-a082-7bc84be42c91,2026-02-05,1084095.07,1071241.97,12853.1,23699.28,10
策略2_低溢价率,01a10724-9bbc-7b10-a082-7bc84be42c91,2026-02-06,1114779.99,1101926.89,12853.1,54384.2,10
策略2_低溢价率,01a10724-9bbc-7b10-a082-7bc84be42c91,2026-02-09,1143209.0,1130355.9,12853.1,82813.21,10
策略2_低溢价率,01a10724-9bbc-7b10-a082-7bc84be42c91,2026-02-10,1136340.54,1123487.44,12853.1,75944.75,10
策略2_低溢价率,01a10724-9bbc-7b10-a082-7bc84be42c91,2026-02-11,1140277.3,1127424.2,12853.1,79881.51,10
策略2_低溢价率,01a10724-9bbc-7b10-a082-7bc84be42c91,2026-02-12,1150977.94,1138124.84,12853.1,90582.15,10
策略2_低溢价率,01a10724-9bbc-7b10-a082-7bc84be42c91,2026-02-13,1121869.59,1109016.49,12853.1,61473.8,10
策略2_低溢价率,01a10724-9bbc-7b10-a082-7bc84be42c91,2026-02-24,1169049.5,1160228.67,8820.83,7464.39,19
策略2_低溢价率,01a10724-9bbc-7b10-a082-7bc84be42c91,2026-02-25,1172650.01,1163829.18,8820.83,11064.9,10
策略2_低溢价率,01a10724-9bbc-7b10-a082-7bc84be42c91,2026-02-26,1181853.96,1173033.13,8820.83,20268.85,10
策略2_低溢价率,01a10724-9bbc-7b10-a082-7bc84be42c91,2026-02-27,1188166.84,1179346.01,8820.83,26581.73,10
策略2_低溢价率,01a10724-9bbc-7b10-a082-7bc84be42c91,2026-03-02,1201716.51,1192895.68,8820.83,40131.4,10
策略2_低溢价率,01a10724-9bbc-7b10-a082-7bc84be42c91,2026-03-03,1159755.68,1150934.85,8820.83,-1829.43,10
策略2_低溢价率,01a10724-9bbc-7b10-a082-7bc84be42c91,2026-03-04,1160132.35,1151311.52,8820.83,-1452.76,10
策略2_低溢价率,01a10724-9bbc-7b10-a082-7bc84be42c91,2026-03-05,1164513.12,1155692.29,8820.83,2928.01,10
策略2_低溢价率,01a10724-9bbc-7b10-a082-7bc84be42c91,2026-03-06,1188141.05,1178616.22,9524.83,25851.94,10
策略2_低溢价率,01a10724-9bbc-7b10-a082-7bc84be42c91,2026-03-09,1178777.28,1169252.45,9524.83,16488.17,10
策略2_低溢价率,01a10724-9bbc-7b10-a082-7bc84be42c91,2026-03-10,1189678.75,1183455.01,6223.74,-1183.44,20
策略2_低溢价率,01a10724-9bbc-7b10-a082-7bc84be42c91,2026-03-11,1193706.39,1187482.65,6223.74,2844.2,10
策略2_低溢价率,01a10724-9bbc-7b10-a082-7bc84be42c91,2026-03-12,1156743.7,1150519.96,6223.74,-34118.49,10
策略2_低溢价率,01a10724-9bbc-7b10-a082-7bc84be42c91,2026-03-13,1109447.47,1103223.73,6223.74,-81414.72,10
策略2_低溢价率,01a10724-9bbc-7b10-a082-7bc84be42c91,2026-03-16,1118249.74,1110859.6,7390.14,-73778.85,10
策略2_低溢价率,01a10724-9bbc-7b10-a082-7bc84be42c91,2026-03-17,1085024.44,1077634.3,7390.14,-107004.15,10
策略2_低溢价率,01a10724-9bbc-7b10-a082-7bc84be42c91,2026-03-18,1106578.02,1099187.88,7390.14,-85450.57,10
策略2_低溢价率,01a10724-9bbc-7b10-a082-7bc84be42c91,2026-03-19,1074813.35,1067423.21,7390.14,-117215.24,10
策略2_低溢价率,01a10724-9bbc-7b10-a082-7bc84be42c91,2026-03-20,1050855.75,1043465.61,7390.14,-141172.84,10
策略2_低溢价率,01a10724-9bbc-7b10-a082-7bc84be42c91,2026-03-23,1037419.5,1030029.36,7390.14,-154609.09,10
策略2_低溢价率,01a10724-9bbc-7b10-a082-7bc84be42c91,2026-03-24,1059517.02,1053595.38,5921.64,-15756.3,18
策略2_低溢价率,01a10724-9bbc-7b10-a082-7bc84be42c91,2026-03-25,1066074.28,1060152.64,5921.64,-9199.04,10
策略2_低溢价率,01a10724-9bbc-7b10-a082-7bc84be42c91,2026-03-26,1041695.05,1035773.41,5921.64,-33578.27,10
策略2_低溢价率,01a10724-9bbc-7b10-a082-7bc84be42c91,2026-03-27,1050008.41,1044086.77,5921.64,-25264.91,10
策略2_低溢价率,01a10724-9bbc-7b10-a082-7bc84be42c91,2026-03-30,1029340.09,1023418.45,5921.64,-45933.23,10
策略2_低溢价率,01a10724-9bbc-7b10-a082-7bc84be42c91,2026-03-31,1001970.23,996048.59,5921.64,-73303.09,10
策略2_低溢价率,01a10724-9bbc-7b10-a082-7bc84be42c91,2026-04-01,1015427.29,1009505.65,5921.64,-59846.03,10
策略2_低溢价率,01a10724-9bbc-7b10-a082-7bc84be42c91,2026-04-02,1000771.16,994849.52,5921.64,-74502.16,10
策略2_低溢价率,01a10724-9bbc-7b10-a082-7bc84be42c91,2026-04-03,1006491.68,1000570.04,5921.64,-68781.64,10
策略2_低溢价率,01a10724-9bbc-7b10-a082-7bc84be42c91,2026-04-07,1016336.7,1010415.06,5921.64,-58936.62,10
策略2_低溢价率,01a10724-9bbc-7b10-a082-7bc84be42c91,2026-04-08,1038386.86,1029140.45,9246.41,4485.07,19
策略2_低溢价率,01a10724-9bbc-7b10-a082-7bc84be42c91,2026-04-09,1027560.46,1018314.05,9246.41,-6341.33,10
策略2_低溢价率,01a10724-9bbc-7b10-a082-7bc84be42c91,2026-04-10,1016445.36,1007198.95,9246.41,-17456.43,10
策略2_低溢价率,01a10724-9bbc-7b10-a082-7bc84be42c91,2026-04-13,998548.66,989302.25,9246.41,-35353.13,10
策略2_低溢价率,01a10724-9bbc-7b10-a082-7bc84be42c91,2026-04-14,1012779.1,1003532.69,9246.41,-21122.69,10
策略2_低溢价率,01a10724-9bbc-7b10-a082-7bc84be42c91,2026-04-15,1028422.19,1019175.78,9246.41,-5479.6,10
策略2_低溢价率,01a10724-9bbc-7b10-a082-7bc84be42c91,2026-04-16,1037669.82,1028423.41,9246.41,3768.03,10
策略2_低溢价率,01a10724-9bbc-7b10-a082-7bc84be42c91,2026-04-17,1043109.57,1033863.16,9246.41,9207.78,10
策略2_低溢价率,01a10724-9bbc-7b10-a082-7bc84be42c91,2026-04-20,1097646.66,1088400.25,9246.41,63744.87,10
策略2_低溢价率,01a10724-9bbc-7b10-a082-7bc84be42c91,2026-04-21,1083327.38,1074080.97,9246.41,49425.59,10
策略2_低溢价率,01a10724-9bbc-7b10-a082-7bc84be42c91,2026-04-22,1102416.71,1087325.61,15091.1,30127.53,17
策略2_低溢价率,01a10724-9bbc-7b10-a082-7bc84be42c91,2026-04-23,1097621.16,1081464.46,16156.7,24266.38,10
策略2_低溢价率,01a10724-9bbc-7b10-a082-7bc84be42c91,2026-04-24,1063143.6,1046986.9,16156.7,-10211.18,10
策略2_低溢价率,01a10724-9bbc-7b10-a082-7bc84be42c91,2026-04-27,1083943.34,1067786.64,16156.7,10588.56,10
策略2_低溢价率,01a10724-9bbc-7b10-a082-7bc84be42c91,2026-04-28,1103307.68,1087150.98,16156.7,29952.9,10
策略2_低溢价率,01a10724-9bbc-7b10-a082-7bc84be42c91,2026-04-29,1108298.99,1092142.29,16156.7,34944.21,10
策略2_低溢价率,01a10724-9bbc-7b10-a082-7bc84be42c91,2026-04-30,1100772.09,1084615.39,16156.7,27417.31,10
策略2_低溢价率,01a10724-9bbc-7b10-a082-7bc84be42c91,2026-05-06,1171501.46,1155344.76,16156.7,98146.68,10
策略2_低溢价率,01a10724-9bbc-7b10-a082-7bc84be42c91,2026-05-07,1187684.44,1171527.74,16156.7,114329.66,10
策略2_低溢价率,01a10724-9bbc-7b10-a082-7bc84be42c91,2026-05-08,1199760.62,1183603.92,16156.7,126405.84,10
策略2_低溢价率,01a10724-9bbc-7b10-a082-7bc84be42c91,2026-05-11,1195175.72,1183789.46,11386.26,10162.38,19
策略2_低溢价率,01a10724-9bbc-7b10-a082-7bc84be42c91,2026-05-12,1166467.98,1155081.72,11386.26,-18545.36,10
策略2_低溢价率,01a10724-9bbc-7b10-a082-7bc84be42c91,2026-05-13,1181438.14,1170051.88,11386.26,-3575.2,10
策略2_低溢价率,01a10724-9bbc-7b10-a082-7bc84be42c91,2026-05-14,1168781.0,1157394.74,11386.26,-16232.34,10
策略2_低溢价率,01a10724-9bbc-7b10-a082-7bc84be42c91,2026-05-15,1188087.96,1176701.7,11386.26,3074.62,10
策略2_低溢价率,01a10724-9bbc-7b10-a082-7bc84be42c91,2026-05-18,1165275.64,1153889.38,11386.26,-19737.7,10
策略2_低溢价率,01a10724-9bbc-7b10-a082-7bc84be42c91,2026-05-19,1193498.31,1182112.05,11386.26,8484.97,10
策略2_低溢价率,01a10724-9bbc-7b10-a082-7bc84be42c91,2026-05-20,1213533.76,1202147.5,11386.26,28520.42,10
策略2_低溢价率,01a10724-9bbc-7b10-a082-7bc84be42c91,2026-05-21,1183430.03,1172043.77,11386.26,-1583.31,10
策略2_低溢价率,01a10724-9bbc-7b10-a082-7bc84be42c91,2026-05-22,1216483.63,1205097.37,11386.26,31470.29,10
策略2_低溢价率,01a10724-9bbc-7b10-a082-7bc84be42c91,2026-05-25,1254363.12,1245988.63,8374.49,37352.71,17
策略2_低溢价率,01a10724-9bbc-7b10-a082-7bc84be42c91,2026-05-26,1224036.83,1215662.34,8374.49,7026.42,10
策略2_低溢价率,01a10724-9bbc-7b10-a082-7bc84be42c91,2026-05-27,1221170.0,1212795.51,8374.49,4159.59,10
策略2_低溢价率,01a10724-9bbc-7b10-a082-7bc84be42c91,2026-05-28,1218986.04,1210611.55,8374.49,1975.63,10
策略2_低溢价率,01a10724-9bbc-7b10-a082-7bc84be42c91,2026-05-29,1160530.18,1152155.69,8374.49,-56480.23,10
策略2_低溢价率,01a10724-9bbc-7b10-a082-7bc84be42c91,2026-06-01,1166510.23,1158135.74,8374.49,-50500.18,10
策略2_低溢价率,01a10724-9bbc-7b10-a082-7bc84be42c91,2026-06-02,1156580.04,1148205.55,8374.49,-60430.37,10
策略2_低溢价率,01a10724-9bbc-7b10-a082-7bc84be42c91,2026-06-03,1158420.48,1150045.99,8374.49,-58589.93,10
策略2_低溢价率,01a10724-9bbc-7b10-a082-7bc84be42c91,2026-06-04,1160695.98,1152321.49,8374.49,-56314.43,10
策略2_低溢价率,01a10724-9bbc-7b10-a082-7bc84be42c91,2026-06-05,1174063.15,1165688.66,8374.49,-42947.26,10
策略2_低溢价率,01a10724-9bbc-7b10-a082-7bc84be42c91,2026-06-08,1150283.09,1135076.68,15206.41,-17040.86,16
策略2_低溢价率,01a10724-9bbc-7b10-a082-7bc84be42c91,2026-06-09,1236146.59,1220940.18,15206.41,68822.64,10
策略2_低溢价率,01a10724-9bbc-7b10-a082-7bc84be42c91,2026-06-10,1191808.23,1176601.82,15206.41,24484.28,10
策略2_低溢价率,01a10724-9bbc-7b10-a082-7bc84be42c91,2026-06-11,1170159.26,1154952.85,15206.41,2835.31,10
策略2_低溢价率,01a10724-9bbc-7b10-a082-7bc84be42c91,2026-06-12,1186574.41,1171368.0,15206.41,19250.46,10
策略2_低溢价率,01a10724-9bbc-7b10-a082-7bc84be42c91,2026-06-15,1237000.37,1221793.96,15206.41,69676.42,10
策略2_低溢价率,01a10724-9bbc-7b10-a082-7bc84be42c91,2026-06-16,1236337.55,1221131.14,15206.41,69013.6,10
策略2_低溢价率,01a10724-9bbc-7b10-a082-7bc84be42c91,2026-06-17,1243494.89,1228288.48,15206.41,76170.94,10
策略2_低溢价率,01a10724-9bbc-7b10-a082-7bc84be42c91,2026-06-18,1255471.52,1240265.11,15206.41,88147.57,10
策略2_低溢价率,01a10724-9bbc-7b10-a082-7bc84be42c91,2026-06-22,1255118.42,1239912.01,15206.41,87794.47,10
策略2_低溢价率,01a10724-9bbc-7b10-a082-7bc84be42c91,2026-06-23,1222344.52,1213790.56,8553.96,-35195.1,15
策略2_低溢价率,01a10724-9bbc-7b10-a082-7bc84be42c91,2026-06-24,1221012.49,1212458.53,8553.96,-36527.13,10
策略2_低溢价率,01a10724-9bbc-7b10-a082-7bc84be42c91,2026-06-25,1215890.65,1207336.69,8553.96,-41648.97,10
策略2_低溢价率,01a10724-9bbc-7b10-a082-7bc84be42c91,2026-06-26,1203611.68,1195057.72,8553.96,-53927.94,10
策略2_低溢价率,01a10724-9bbc-7b10-a082-7bc84be42c91,2026-06-29,1195080.04,1186526.08,8553.96,-62459.58,10
策略2_低溢价率,01a10724-9bbc-7b10-a082-7bc84be42c91,2026-06-30,1230734.97,1222181.01,8553.96,-26804.65,10
策略2_低溢价率,01a10724-9bbc-7b10-a082-7bc84be42c91,2026-07-01,1229415.41,1220861.45,8553.96,-28124.21,10
策略2_低溢价率,01a10724-9bbc-7b10-a082-7bc84be42c91,2026-07-02,1234493.23,1225939.27,8553.96,-23046.39,10
策略2_低溢价率,01a10724-9bbc-7b10-a082-7bc84be42c91,2026-07-03,1213337.23,1204783.27,8553.96,-44202.39,10
策略2_低溢价率,01a10724-9bbc-7b10-a082-7bc84be42c91,2026-07-06,1180627.09,1172073.13,8553.96,-76912.53,10
策略2_低溢价率,01a10724-9bbc-7b10-a082-7bc84be42c91,2026-07-07,1146722.45,1135863.52,10858.93,-26853.69,15
策略2_低溢价率,01a10724-9bbc-7b10-a082-7bc84be42c91,2026-07-08,1116440.77,1105581.84,10858.93,-57135.37,10
策略2_低溢价率,01a10724-9bbc-7b10-a082-7bc84be42c91,2026-07-09,1131412.17,1120553.24,10858.93,-42163.97,10
策略2_低溢价率,01a10724-9bbc-7b10-a082-7bc84be42c91,2026-07-10,1111477.73,1100618.8,10858.93,-62098.41,10
策略2_低溢价率,01a10724-9bbc-7b10-a082-7bc84be42c91,2026-07-13,1075800.58,1064941.65,10858.93,-97775.56,10
策略2_低溢价率,01a10724-9bbc-7b10-a082-7bc84be42c91,2026-07-14,1090828.56,1079969.63,10858.93,-82747.58,10
策略2_低溢价率,01a10724-9bbc-7b10-a082-7bc84be42c91,2026-07-15,1086814.98,1075956.05,10858.93,-86761.16,10
策略2_低溢价率,01a10724-9bbc-7b10-a082-7bc84be42c91,2026-07-16,1060872.57,1050013.64,10858.93,-112703.57,10
策略2_低溢价率,01a10724-9bbc-7b10-a082-7bc84be42c91,2026-07-17,1006355.67,995496.74,10858.93,-167220.47,10
策略2_低溢价率,01a10724-9bbc-7b10-a082-7bc84be42c91,2026-07-20,962036.27,951177.34,10858.93,-211539.87,10
策略2_低溢价率,01a10724-9bbc-7b10-a082-7bc84be42c91,2026-07-21,1004649.34,998146.61,6502.73,8430.37,19
策略2_低溢价率,01a10724-9bbc-7b10-a082-7bc84be42c91,2026-07-22,997493.69,990990.96,6502.73,1274.72,10
策略2_低溢价率,01a10724-9bbc-7b10-a082-7bc84be42c91,2026-07-23,1006602.92,1000100.19,6502.73,10383.95,10
策略2_低溢价率,01a10724-9bbc-7b10-a082-7bc84be42c91,2026-07-24,991267.1,984764.37,6502.73,-4951.87,10
策略2_低溢价率,01a10724-9bbc-7b10-a082-7bc84be42c91,2026-07-27,1007405.91,1000903.18,6502.73,11186.94,10
策略2_低溢价率,01a10724-9bbc-7b10-a082-7bc84be42c91,2026-07-28,995735.77,989233.04,6502.73,-483.2,10
策略2_低溢价率,01a10724-9bbc-7b10-a082-7bc84be42c91,2026-07-29,1005577.93,999075.2,6502.73,9358.96,10
策略2_低溢价率,01a10724-9bbc-7b10-a082-7bc84be42c91,2026-07-30,994236.98,987734.25,6502.73,-1981.99,10
策略2_低溢价率,01a10724-9bbc-7b10-a082-7bc84be42c91,2026-07-31,1001706.18,995203.45,6502.73,5487.21,10
策略2_低溢价率,01a10724-9bbc-7b10-a082-7bc84be42c91,2026-08-03,1001003.7,994500.97,6502.73,4784.73,10
策略2_低溢价率,01a10724-9bbc-7b10-a082-7bc84be42c91,2026-08-04,997518.78,987007.35,10511.43,-12959.96,11
策略2_低溢价率,01a10724-9bbc-7b10-a082-7bc84be42c91,2026-08-05,1004623.26,994111.83,10511.43,-5855.48,10
策略2_低溢价率,01a10724-9bbc-7b10-a082-7bc84be42c91,2026-08-06,1007895.8,997384.37,10511.43,-2582.94,10
策略2_低溢价率,01a10724-9bbc-7b10-a082-7bc84be42c91,2026-08-07,1013625.78,1003114.35,10511.43,3147.04,10
策略2_低溢价率,01a10724-9bbc-7b10-a082-7bc84be42c91,2026-08-10,1014432.48,1003921.05,10511.43,3953.74,10
策略2_低溢价率,01a10724-9bbc-7b10-a082-7bc84be42c91,2026-08-11,1008747.95,998236.52,10511.43,-1730.79,10
策略2_低溢价率,01a10724-9bbc-7b10-a082-7bc84be42c91,2026-08-12,1007128.63,996617.2,10511.43,-3350.11,10
策略2_低溢价率,01a10724-9bbc-7b10-a082-7bc84be42c91,2026-08-13,1012901.35,1002389.92,10511.43,2422.61,10
策略2_低溢价率,01a10724-9bbc-7b10-a082-7bc84be42c91,2026-08-14,1013906.66,1003395.23,10511.43,3427.92,10
策略2_低溢价率,01a10724-9bbc-7b10-a082-7bc84be42c91,2026-08-17,1018375.05,1007863.62,10511.43,7896.31,10
策略2_低溢价率,01a10724-9bbc-7b10-a082-7bc84be42c91,2026-08-18,1013958.46,1001834.6,12123.86,-7363.33,13
策略2_低溢价率,01a10724-9bbc-7b10-a082-7bc84be42c91,2026-08-19,1002880.53,990756.67,12123.86,-18441.26,10
策略2_低溢价率,01a10724-9bbc-7b10-a082-7bc84be42c91,2026-08-20,1021721.71,1009597.85,12123.86,399.92,10
策略2_低溢价率,01a10724-9bbc-7b10-a082-7bc84be42c91,2026-08-21,1013353.18,1001229.32,12123.86,-7968.61,10
策略2_低溢价率,01a10724-9bbc-7b10-a082-7bc84be42c91,2026-08-24,1009880.53,997756.67,12123.86,-11441.26,10
策略2_低溢价率,01a10724-9bbc-7b10-a082-7bc84be42c91,2026-08-25,1032888.27,1020764.41,12123.86,11566.48,10
策略2_低溢价率,01a10724-9bbc-7b10-a082-7bc84be42c91,2026-08-26,1036265.07,1024141.21,12123.86,14943.28,10
策略2_低溢价率,01a10724-9bbc-7b10-a082-7bc84be42c91,2026-08-27,1036155.7,1024031.84,12123.86,14833.91,10
策略2_低溢价率,01a10724-9bbc-7b10-a082-7bc84be42c91,2026-08-28,1030120.74,1017996.88,12123.86,8798.95,10
策略2_低溢价率,01a10724-9bbc-7b10-a082-7bc84be42c91,2026-08-31,1027658.32,1015534.46,12123.86,6336.53,10
策略2_低溢价率,01a10724-9bbc-7b10-a082-7bc84be42c91,2026-09-01,1027042.03,1018671.37,8370.66,8808.08,13
策略2_低溢价率,01a10724-9bbc-7b10-a082-7bc84be42c91,2026-09-02,1019990.04,1011619.38,8370.66,1756.09,10
策略2_低溢价率,01a10724-9bbc-7b10-a082-7bc84be42c91,2026-09-03,1026547.04,1018176.38,8370.66,8313.09,10
策略2_低溢价率,01a10724-9bbc-7b10-a082-7bc84be42c91,2026-09-04,1023412.71,1015042.05,8370.66,5178.76,10
策略2_低溢价率,01a10724-9bbc-7b10-a082-7bc84be42c91,2026-09-07,1017595.49,1009224.83,8370.66,-638.46,10
策略2_低溢价率,01a10724-9bbc-7b10-a082-7bc84be42c91,2026-09-08,1016715.08,1008344.42,8370.66,-1518.87,10
策略2_低溢价率,01a10724-9bbc-7b10-a082-7bc84be42c91,2026-09-09,1021884.65,1013513.99,8370.66,3650.7,10
策略2_低溢价率,01a10724-9bbc-7b10-a082-7bc84be42c91,2026-09-10,1017989.84,1009619.18,8370.66,-244.11,10
策略2_低溢价率,01a10724-9bbc-7b10-a082-7bc84be42c91,2026-09-11,1009080.31,1000709.65,8370.66,-9153.64,10
策略2_低溢价率,01a10724-9bbc-7b10-a082-7bc84be42c91,2026-09-14,1015355.61,1006984.95,8370.66,-2878.34,10
策略2_低溢价率,01a10724-9bbc-7b10-a082-7bc84be42c91,2026-09-15,1005170.07,997563.12,7606.95,-5333.79,13
策略2_低溢价率,01a10724-9bbc-7b10-a082-7bc84be42c91,2026-09-16,1013126.32,1005519.37,7606.95,2622.46,10
策略2_低溢价率,01a10724-9bbc-7b10-a082-7bc84be42c91,2026-09-17,1014447.03,1006840.08,7606.95,3943.17,10
策略2_低溢价率,01a10724-9bbc-7b10-a082-7bc84be42c91,2026-09-18,1023505.95,1015899.0,7606.95,13002.09,10
策略2_低溢价率,01a10724-9bbc-7b10-a082-7bc84be42c91,2026-09-21,1020858.68,1013251.73,7606.95,10354.82,10
策略2_低溢价率,01a10724-9bbc-7b10-a082-7bc84be42c91,2026-09-22,1009272.64,1001665.69,7606.95,-1231.22,10
策略2_低溢价率,01a10724-9bbc-7b10-a082-7bc84be42c91,2026-09-23,1005834.23,998227.28,7606.95,-4669.63,10
策略2_低溢价率,01a10724-9bbc-7b10-a082-7bc84be42c91,2026-09-24,986102.66,978495.71,7606.95,-24401.2,10
策略2_低溢价率,01a10724-9bbc-7b10-a082-7bc84be42c91,2026-09-28,980129.43,972522.48,7606.95,-30374.43,10
策略2_低溢价率,01a10724-9bbc-7b10-a082-7bc84be42c91,2026-09-29,993272.36,985665.41,7606.95,-17231.5,10
策略2_低溢价率,01a10724-9bbc-7b10-a082-7bc84be42c91,2026-09-30,988614.6,978135.87,10478.73,4060.45,14
策略3_低价,01a10724-bbe6-74e3-b56d-81272c410a1a,2026-01-05,999006.97,993022.57,5984.4,-993.03,10
策略3_低价,01a10724-bbe6-74e3-b56d-81272c410a1a,2026-01-06,1004174.46,997446.06,6728.4,3430.46,10
策略3_低价,01a10724-bbe6-74e3-b56d-81272c410a1a,2026-01-07,1002126.73,995398.33,6728.4,1382.73,10
策略3_低价,01a10724-bbe6-74e3-b56d-81272c410a1a,2026-01-08,1003779.73,997051.33,6728.4,3035.73,10
策略3_低价,01a10724-bbe6-74e3-b56d-81272c410a1a,2026-01-09,1006902.48,1000174.08,6728.4,6158.48,10
策略3_低价,01a10724-bbe6-74e3-b56d-81272c410a1a,2026-01-12,1012547.67,1005819.27,6728.4,11803.67,10
策略3_低价,01a10724-bbe6-74e3-b56d-81272c410a1a,2026-01-13,1007238.78,1000510.38,6728.4,6494.78,10
策略3_低价,01a10724-bbe6-74e3-b56d-81272c410a1a,2026-01-14,1008898.9,1002170.5,6728.4,8154.9,10
策略3_低价,01a10724-bbe6-74e3-b56d-81272c410a1a,2026-01-15,1007411.08,1000682.68,6728.4,6667.08,10
策略3_低价,01a10724-bbe6-74e3-b56d-81272c410a1a,2026-01-16,1003483.78,996755.38,6728.4,2739.78,10
策略3_低价,01a10724-bbe6-74e3-b56d-81272c410a1a,2026-01-19,1005009.21,999628.42,5380.79,4498.5,11
策略3_低价,01a10724-bbe6-74e3-b56d-81272c410a1a,2026-01-20,1003970.65,998589.86,5380.79,3459.94,10
策略3_低价,01a10724-bbe6-74e3-b56d-81272c410a1a,2026-01-21,1004297.32,998916.53,5380.79,3786.61,10
策略3_低价,01a10724-bbe6-74e3-b56d-81272c410a1a,2026-01-22,1008340.26,1002959.47,5380.79,7829.55,10
策略3_低价,01a10724-bbe6-74e3-b56d-81272c410a1a,2026-01-23,1011348.06,1005967.27,5380.79,10837.35,10
策略3_低价,01a10724-bbe6-74e3-b56d-81272c410a1a,2026-01-26,1015351.0,1009970.21,5380.79,14840.29,10
策略3_低价,01a10724-bbe6-74e3-b56d-81272c410a1a,2026-01-27,1006126.18,1000745.39,5380.79,5615.47,10
策略3_低价,01a10724-bbe6-74e3-b56d-81272c410a1a,2026-01-28,1010830.51,1005449.72,5380.79,10319.8,10
策略3_低价,01a10724-bbe6-74e3-b56d-81272c410a1a,2026-01-29,1008459.19,1003078.4,5380.79,7948.48,10
策略3_低价,01a10724-bbe6-74e3-b56d-81272c410a1a,2026-01-30,1004567.8,999187.01,5380.79,4057.09,10
策略3_低价,01a10724-bbe6-74e3-b56d-81272c410a1a,2026-02-02,997161.88,990237.6,6924.28,-2888.45,11
策略3_低价,01a10724-bbe6-74e3-b56d-81272c410a1a,2026-02-03,1003649.23,996724.95,6924.28,3598.9,10
策略3_低价,01a10724-bbe6-74e3-b56d-81272c410a1a,2026-02-04,1005845.28,998921.0,6924.28,5794.95,10
策略3_低价,01a10724-bbe6-74e3-b56d-81272c410a1a,2026-02-05,1002961.83,996037.55,6924.28,2911.5,10
策略3_低价,01a10724-bbe6-74e3-b56d-81272c410a1a,2026-02-06,1005345.32,998421.04,6924.28,5294.99,10
策略3_低价,01a10724-bbe6-74e3-b56d-81272c410a1a,2026-02-09,1009239.44,1002315.16,6924.28,9189.11,10
策略3_低价,01a10724-bbe6-74e3-b56d-81272c410a1a,2026-02-10,1007481.1,1000556.82,6924.28,7430.77,10
策略3_低价,01a10724-bbe6-74e3-b56d-81272c410a1a,2026-02-11,1011018.86,1004094.58,6924.28,10968.53,10
策略3_低价,01a10724-bbe6-74e3-b56d-81272c410a1a,2026-02-12,1008263.3,1001339.02,6924.28,8212.97,10
策略3_低价,01a10724-bbe6-74e3-b56d-81272c410a1a,2026-02-13,1005426.39,998502.11,6924.28,5376.06,10
策略3_低价,01a10724-bbe6-74e3-b56d-81272c410a1a,2026-02-24,1007308.75,999932.83,7375.92,104.77,12
策略3_低价,01a10724-bbe6-74e3-b56d-81272c410a1a,2026-02-25,1007352.42,999976.5,7375.92,148.44,10
策略3_低价,01a10724-bbe6-74e3-b56d-81272c410a1a,2026-02-26,1004669.69,997293.77,7375.92,-2534.29,10
策略3_低价,01a10724-bbe6-74e3-b56d-81272c410a1a,2026-02-27,1004537.29,997161.37,7375.92,-2666.69,10
策略3_低价,01a10724-bbe6-74e3-b56d-81272c410a1a,2026-03-02,1004083.98,996708.06,7375.92,-3120.0,10
策略3_低价,01a10724-bbe6-74e3-b56d-81272c410a1a,2026-03-03,1002823.36,995447.44,7375.92,-4380.62,10
策略3_低价,01a10724-bbe6-74e3-b56d-81272c410a1a,2026-03-04,1003041.74,995665.82,7375.92,-4162.24,10
策略3_低价,01a10724-bbe6-74e3-b56d-81272c410a1a,2026-03-05,1003138.32,995762.4,7375.92,-4065.66,10
策略3_低价,01a10724-bbe6-74e3-b56d-81272c410a1a,2026-03-06,1004152.68,996776.76,7375.92,-3051.3,10
策略3_低价,01a10724-bbe6-74e3-b56d-81272c410a1a,2026-03-09,1003378.05,996002.13,7375.92,-3825.93,10
策略3_低价,01a10724-bbe6-74e3-b56d-81272c410a1a,2026-03-10,998936.63,991023.91,7912.72,-3075.49,13
策略3_低价,01a10724-bbe6-74e3-b56d-81272c410a1a,2026-03-11,999805.08,991892.36,7912.72,-2207.04,10
策略3_低价,01a10724-bbe6-74e3-b56d-81272c410a1a,2026-03-12,1001352.39,993439.67,7912.72,-659.73,10
策略3_低价,01a10724-bbe6-74e3-b56d-81272c410a1a,2026-03-13,1004985.28,997072.56,7912.72,2973.16,10
策略3_低价,01a10724-bbe6-74e3-b56d-81272c410a1a,2026-03-16,1011503.82,1003591.1,7912.72,9491.7,10
策略3_低价,01a10724-bbe6-74e3-b56d-81272c410a1a,2026-03-17,1011751.82,1003839.1,7912.72,9739.7,10
策略3_低价,01a10724-bbe6-74e3-b56d-81272c410a1a,2026-03-18,1013612.66,1005699.94,7912.72,11600.54,10
策略3_低价,01a10724-bbe6-74e3-b56d-81272c410a1a,2026-03-19,1005936.69,998023.97,7912.72,3924.57,10
策略3_低价,01a10724-bbe6-74e3-b56d-81272c410a1a,2026-03-20,1000542.24,992629.52,7912.72,-1469.88,10
策略3_低价,01a10724-bbe6-74e3-b56d-81272c410a1a,2026-03-23,999799.93,991887.21,7912.72,-2212.19,10
策略3_低价,01a10724-bbe6-74e3-b56d-81272c410a1a,2026-03-24,1003980.4,996312.96,7667.44,2143.21,11
策略3_低价,01a10724-bbe6-74e3-b56d-81272c410a1a,2026-03-25,1005577.36,997909.92,7667.44,3740.17,10
策略3_低价,01a10724-bbe6-74e3-b56d-81272c410a1a,2026-03-26,1001789.11,994121.67,7667.44,-48.08,10
策略3_低价,01a10724-bbe6-74e3-b56d-81272c410a1a,2026-03-27,1002619.5,994952.06,7667.44,782.31,10
策略3_低价,01a10724-bbe6-74e3-b56d-81272c410a1a,2026-03-30,998490.73,990823.29,7667.44,-3346.46,10
策略3_低价,01a10724-bbe6-74e3-b56d-81272c410a1a,2026-03-31,994553.17,986885.73,7667.44,-7284.02,10
策略3_低价,01a10724-bbe6-74e3-b56d-81272c410a1a,2026-04-01,1002359.42,994691.98,7667.44,522.23,10
策略3_低价,01a10724-bbe6-74e3-b56d-81272c410a1a,2026-04-02,986036.81,978369.37,7667.44,-15800.38,10
策略3_低价,01a10724-bbe6-74e3-b56d-81272c410a1a,2026-04-03,984790.92,977123.48,7667.44,-17046.27,10
策略3_低价,01a10724-bbe6-74e3-b56d-81272c410a1a,2026-04-07,992285.59,984618.15,7667.44,-9551.6,10
策略3_低价,01a10724-bbe6-74e3-b56d-81272c410a1a,2026-04-08,991079.22,984968.85,6110.37,-10576.32,11
策略3_低价,01a10724-bbe6-74e3-b56d-81272c410a1a,2026-04-09,987339.09,981228.72,6110.37,-14316.45,10
策略3_低价,01a10724-bbe6-74e3-b56d-81272c410a1a,2026-04-10,984528.29,978417.92,6110.37,-17127.25,10
策略3_低价,01a10724-bbe6-74e3-b56d-81272c410a1a,2026-04-13,979625.44,973515.07,6110.37,-22030.1,10
策略3_低价,01a10724-bbe6-74e3-b56d-81272c410a1a,2026-04-14,980775.24,974664.87,6110.37,-20880.3,10
策略3_低价,01a10724-bbe6-74e3-b56d-81272c410a1a,2026-04-15,980905.8,974795.43,6110.37,-20749.74,10
策略3_低价,01a10724-bbe6-74e3-b56d-81272c410a1a,2026-04-16,987573.65,981463.28,6110.37,-14081.89,10
策略3_低价,01a10724-bbe6-74e3-b56d-81272c410a1a,2026-04-17,980301.2,974190.83,6110.37,-21354.34,10
策略3_低价,01a10724-bbe6-74e3-b56d-81272c410a1a,2026-04-20,979045.0,972934.63,6110.37,-22610.54,10
策略3_低价,01a10724-bbe6-74e3-b56d-81272c410a1a,2026-04-21,974304.76,968194.39,6110.37,-27350.78,10
策略3_低价,01a10724-bbe6-74e3-b56d-81272c410a1a,2026-04-22,973675.36,965966.81,7708.55,-29125.46,11
策略3_低价,01a10724-bbe6-74e3-b56d-81272c410a1a,2026-04-23,968268.34,960559.79,7708.55,-34532.48,10
策略3_低价,01a10724-bbe6-74e3-b56d-81272c410a1a,2026-04-24,970997.86,963289.31,7708.55,-31802.96,10
策略3_低价,01a10724-bbe6-74e3-b56d-81272c410a1a,2026-04-27,973642.3,965933.75,7708.55,-29158.52,10
策略3_低价,01a10724-bbe6-74e3-b56d-81272c410a1a,2026-04-28,966842.77,959134.22,7708.55,-35958.05,10
策略3_低价,01a10724-bbe6-74e3-b56d-81272c410a1a,2026-04-29,962030.44,954321.89,7708.55,-40770.38,10
策略3_低价,01a10724-bbe6-74e3-b56d-81272c410a1a,2026-04-30,937271.27,929562.72,7708.55,-65529.55,10
策略3_低价,01a10724-bbe6-74e3-b56d-81272c410a1a,2026-05-06,910679.79,902971.24,7708.55,-92121.03,10
策略3_低价,01a10724-bbe6-74e3-b56d-81272c410a1a,2026-05-07,918852.52,911143.97,7708.55,-83948.3,10
策略3_低价,01a10724-bbe6-74e3-b56d-81272c410a1a,2026-05-08,926331.56,918623.01,7708.55,-76469.26,10
策略3_低价,01a10724-bbe6-74e3-b56d-81272c410a1a,2026-05-11,923088.97,917178.0,5910.97,-7937.56,15
策略3_低价,01a10724-bbe6-74e3-b56d-81272c410a1a,2026-05-12,918877.04,912966.07,5910.97,-12149.49,10
策略3_低价,01a10724-bbe6-74e3-b56d-81272c410a1a,2026-05-13,918743.01,912832.04,5910.97,-12283.52,10
策略3_低价,01a10724-bbe6-74e3-b56d-81272c410a1a,2026-05-14,915975.15,910064.18,5910.97,-15051.38,10
策略3_低价,01a10724-bbe6-74e3-b56d-81272c410a1a,2026-05-15,914022.53,908111.56,5910.97,-17004.0,10
策略3_低价,01a10724-bbe6-74e3-b56d-81272c410a1a,2026-05-18,914553.01,908642.04,5910.97,-16473.52,10
策略3_低价,01a10724-bbe6-74e3-b56d-81272c410a1a,2026-05-19,915730.2,909819.23,5910.97,-15296.33,10
策略3_低价,01a10724-bbe6-74e3-b56d-81272c410a1a,2026-05-20,914382.47,908471.5,5910.97,-16644.06,10
策略3_低价,01a10724-bbe6-74e3-b56d-81272c410a1a,2026-05-21,914577.18,908666.21,5910.97,-16449.35,10
策略3_低价,01a10724-bbe6-74e3-b56d-81272c410a1a,2026-05-22,914041.56,908130.59,5910.97,-16984.97,10
策略3_低价,01a10724-bbe6-74e3-b56d-81272c410a1a,2026-05-25,913735.73,906889.69,6846.04,-17686.09,12
策略3_低价,01a10724-bbe6-74e3-b56d-81272c410a1a,2026-05-26,912086.72,905240.68,6846.04,-19335.1,10
策略3_低价,01a10724-bbe6-74e3-b56d-81272c410a1a,2026-05-27,908917.13,902071.09,6846.04,-22504.69,10
策略3_低价,01a10724-bbe6-74e3-b56d-81272c410a1a,2026-05-28,910891.53,904045.49,6846.04,-20530.29,10
策略3_低价,01a10724-bbe6-74e3-b56d-81272c410a1a,2026-05-29,912962.83,906116.79,6846.04,-18458.99,10
策略3_低价,01a10724-bbe6-74e3-b56d-81272c410a1a,2026-06-01,915675.45,908829.41,6846.04,-15746.37,10
策略3_低价,01a10724-bbe6-74e3-b56d-81272c410a1a,2026-06-02,914912.71,908066.67,6846.04,-16509.11,10
策略3_低价,01a10724-bbe6-74e3-b56d-81272c410a1a,2026-06-03,913239.01,906392.97,6846.04,-18182.81,10
策略3_低价,01a10724-bbe6-74e3-b56d-81272c410a1a,2026-06-04,911933.15,905087.11,6846.04,-19488.67,10
策略3_低价,01a10724-bbe6-74e3-b56d-81272c410a1a,2026-06-05,913505.94,906659.9,6846.04,-17915.88,10
策略3_低价,01a10724-bbe6-74e3-b56d-81272c410a1a,2026-06-08,913905.48,908204.77,5700.71,-19919.68,11
策略3_低价,01a10724-bbe6-74e3-b56d-81272c410a1a,2026-06-09,912681.28,906980.57,5700.71,-21143.88,10
策略3_低价,01a10724-bbe6-74e3-b56d-81272c410a1a,2026-06-10,908729.74,902045.03,6684.71,-26079.42,10
策略3_低价,01a10724-bbe6-74e3-b56d-81272c410a1a,2026-06-11,908071.61,901386.9,6684.71,-26737.55,10
策略3_低价,01a10724-bbe6-74e3-b56d-81272c410a1a,2026-06-12,910418.99,903734.28,6684.71,-24390.17,10
策略3_低价,01a10724-bbe6-74e3-b56d-81272c410a1a,2026-06-15,910595.26,903910.55,6684.71,-24213.9,10
策略3_低价,01a10724-bbe6-74e3-b56d-81272c410a1a,2026-06-16,908528.14,901843.43,6684.71,-26281.02,10
策略3_低价,01a10724-bbe6-74e3-b56d-81272c410a1a,2026-06-17,908210.77,901526.06,6684.71,-26598.39,10
策略3_低价,01a10724-bbe6-74e3-b56d-81272c410a1a,2026-06-18,905085.1,898400.39,6684.71,-29724.06,10
策略3_低价,01a10724-bbe6-74e3-b56d-81272c410a1a,2026-06-22,905152.3,898467.59,6684.71,-29656.86,10
策略3_低价,01a10724-bbe6-74e3-b56d-81272c410a1a,2026-06-23,903109.52,897698.51,5411.01,-28641.78,12
策略3_低价,01a10724-bbe6-74e3-b56d-81272c410a1a,2026-06-24,898067.43,892656.42,5411.01,-33683.87,10
策略3_低价,01a10724-bbe6-74e3-b56d-81272c410a1a,2026-06-25,893962.16,888551.15,5411.01,-37789.14,10
策略3_低价,01a10724-bbe6-74e3-b56d-81272c410a1a,2026-06-26,892677.89,887266.88,5411.01,-39073.41,10
策略3_低价,01a10724-bbe6-74e3-b56d-81272c410a1a,2026-06-29,897776.44,892365.43,5411.01,-33974.86,10
策略3_低价,01a10724-bbe6-74e3-b56d-81272c410a1a,2026-06-30,897593.19,892182.18,5411.01,-34158.11,10
策略3_低价,01a10724-bbe6-74e3-b56d-81272c410a1a,2026-07-01,905315.73,899904.72,5411.01,-26435.57,10
策略3_低价,01a10724-bbe6-74e3-b56d-81272c410a1a,2026-07-02,904923.09,899512.08,5411.01,-26828.21,10
策略3_低价,01a10724-bbe6-74e3-b56d-81272c410a1a,2026-07-03,911046.54,905635.53,5411.01,-20704.76,10
策略3_低价,01a10724-bbe6-74e3-b56d-81272c410a1a,2026-07-06,919007.07,913596.06,5411.01,-12744.23,10
策略3_低价,01a10724-bbe6-74e3-b56d-81272c410a1a,2026-07-07,914144.91,908700.9,5444.01,-16100.54,13
策略3_低价,01a10724-bbe6-74e3-b56d-81272c410a1a,2026-07-08,914878.06,909434.05,5444.01,-15367.39,10
策略3_低价,01a10724-bbe6-74e3-b56d-81272c410a1a,2026-07-09,914728.57,909284.56,5444.01,-15516.88,10
策略3_低价,01a10724-bbe6-74e3-b56d-81272c410a1a,2026-07-10,919844.19,914400.18,5444.01,-10401.26,10
策略3_低价,01a10724-bbe6-74e3-b56d-81272c410a1a,2026-07-13,917863.54,912419.53,5444.01,-12381.91,10
策略3_低价,01a10724-bbe6-74e3-b56d-81272c410a1a,2026-07-14,921361.14,915917.13,5444.01,-8884.31,10
策略3_低价,01a10724-bbe6-74e3-b56d-81272c410a1a,2026-07-15,924387.28,918943.27,5444.01,-5858.17,10
策略3_低价,01a10724-bbe6-74e3-b56d-81272c410a1a,2026-07-16,926282.98,920838.97,5444.01,-3962.47,10
策略3_低价,01a10724-bbe6-74e3-b56d-81272c410a1a,2026-07-17,930391.91,924947.9,5444.01,146.46,10
策略3_低价,01a10724-bbe6-74e3-b56d-81272c410a1a,2026-07-20,937482.26,932038.25,5444.01,7236.81,10
策略3_低价,01a10724-bbe6-74e3-b56d-81272c410a1a,2026-07-21,938118.73,930649.4,7469.33,4909.93,13
策略3_低价,01a10724-bbe6-74e3-b56d-81272c410a1a,2026-07-22,942316.26,934846.93,7469.33,9107.46,10
策略3_低价,01a10724-bbe6-74e3-b56d-81272c410a1a,2026-07-23,942214.5,934745.17,7469.33,9005.7,10
策略3_低价,01a10724-bbe6-74e3-b56d-81272c410a1a,2026-07-24,937084.96,929615.63,7469.33,3876.16,10
策略3_低价,01a10724-bbe6-74e3-b56d-81272c410a1a,2026-07-27,940692.97,933223.64,7469.33,7484.17,10
策略3_低价,01a10724-bbe6-74e3-b56d-81272c410a1a,2026-07-28,937658.25,930188.92,7469.33,4449.45,10
策略3_低价,01a10724-bbe6-74e3-b56d-81272c410a1a,2026-07-29,941842.97,934373.64,7469.33,8634.17,10
策略3_低价,01a10724-bbe6-74e3-b56d-81272c410a1a,2026-07-30,941146.96,933677.63,7469.33,7938.16,10
策略3_低价,01a10724-bbe6-74e3-b56d-81272c410a1a,2026-07-31,941314.87,933845.54,7469.33,8106.07,10
策略3_低价,01a10724-bbe6-74e3-b56d-81272c410a1a,2026-08-03,940981.62,933512.29,7469.33,7772.82,10
策略3_低价,01a10724-bbe6-74e3-b56d-81272c410a1a,2026-08-04,935396.37,928522.71,6873.66,-8814.05,12
策略3_低价,01a10724-bbe6-74e3-b56d-81272c410a1a,2026-08-05,933071.41,926197.75,6873.66,-11139.01,10
策略3_低价,01a10724-bbe6-74e3-b56d-81272c410a1a,2026-08-06,933417.55,926543.89,6873.66,-10792.87,10
策略3_低价,01a10724-bbe6-74e3-b56d-81272c410a1a,2026-08-07,931660.29,924786.63,6873.66,-12550.13,10
策略3_低价,01a10724-bbe6-74e3-b56d-81272c410a1a,2026-08-10,932050.55,925176.89,6873.66,-12159.87,10
策略3_低价,01a10724-bbe6-74e3-b56d-81272c410a1a,2026-08-11,931106.98,924233.32,6873.66,-13103.44,10
策略3_低价,01a10724-bbe6-74e3-b56d-81272c410a1a,2026-08-12,930607.13,923733.47,6873.66,-13603.29,10
策略3_低价,01a10724-bbe6-74e3-b56d-81272c410a1a,2026-08-13,929942.09,923068.43,6873.66,-14268.33,10
策略3_低价,01a10724-bbe6-74e3-b56d-81272c410a1a,2026-08-14,930607.51,923733.85,6873.66,-13602.91,10
策略3_低价,01a10724-bbe6-74e3-b56d-81272c410a1a,2026-08-17,929474.91,922601.25,6873.66,-14735.51,10
策略3_低价,01a10724-bbe6-74e3-b56d-81272c410a1a,2026-08-18,928948.72,923053.4,5895.32,-14374.88,12
策略3_低价,01a10724-bbe6-74e3-b56d-81272c410a1a,2026-08-19,931076.54,925181.22,5895.32,-12247.06,10
策略3_低价,01a10724-bbe6-74e3-b56d-81272c410a1a,2026-08-20,929702.59,923807.27,5895.32,-13621.01,10
策略3_低价,01a10724-bbe6-74e3-b56d-81272c410a1a,2026-08-21,928088.22,922192.9,5895.32,-15235.38,10
策略3_低价,01a10724-bbe6-74e3-b56d-81272c410a1a,2026-08-24,930659.19,924763.87,5895.32,-12664.41,10
策略3_低价,01a10724-bbe6-74e3-b56d-81272c410a1a,2026-08-25,931666.01,925770.69,5895.32,-11657.59,10
策略3_低价,01a10724-bbe6-74e3-b56d-81272c410a1a,2026-08-26,932541.23,926645.91,5895.32,-10782.37,10
策略3_低价,01a10724-bbe6-74e3-b56d-81272c410a1a,2026-08-27,933773.31,927877.99,5895.32,-9550.29,10
策略3_低价,01a10724-bbe6-74e3-b56d-81272c410a1a,2026-08-28,933978.74,928083.42,5895.32,-9344.86,10
策略3_低价,01a10724-bbe6-74e3-b56d-81272c410a1a,2026-08-31,929420.73,923525.41,5895.32,-13902.87,10
策略3_低价,01a10724-bbe6-74e3-b56d-81272c410a1a,2026-09-01,929762.26,922611.47,7150.79,-22609.35,12
策略3_低价,01a10724-bbe6-74e3-b56d-81272c410a1a,2026-09-02,928684.85,921534.06,7150.79,-23686.76,10
策略3_低价,01a10724-bbe6-74e3-b56d-81272c410a1a,2026-09-03,928201.15,921050.36,7150.79,-24170.46,10
策略3_低价,01a10724-bbe6-74e3-b56d-81272c410a1a,2026-09-04,928298.2,921147.41,7150.79,-24073.41,10
策略3_低价,01a10724-bbe6-74e3-b56d-81272c410a1a,2026-09-07,928631.06,921480.27,7150.79,-23740.55,10
策略3_低价,01a10724-bbe6-74e3-b56d-81272c410a1a,2026-09-08,928445.37,921294.58,7150.79,-23926.24,10
策略3_低价,01a10724-bbe6-74e3-b56d-81272c410a1a,2026-09-09,927154.46,920003.67,7150.79,-25217.15,10
策略3_低价,01a10724-bbe6-74e3-b56d-81272c410a1a,2026-09-10,925146.33,917995.54,7150.79,-27225.28,10
策略3_低价,01a10724-bbe6-74e3-b56d-81272c410a1a,2026-09-11,924162.61,917011.82,7150.79,-28209.0,10
策略3_低价,01a10724-bbe6-74e3-b56d-81272c410a1a,2026-09-14,924563.09,917412.3,7150.79,-27808.52,10
策略3_低价,01a10724-bbe6-74e3-b56d-81272c410a1a,2026-09-15,923210.33,916417.28,6793.05,-19908.49,13
策略3_低价,01a10724-bbe6-74e3-b56d-81272c410a1a,2026-09-16,924671.53,917878.48,6793.05,-18447.29,10
策略3_低价,01a10724-bbe6-74e3-b56d-81272c410a1a,2026-09-17,924330.96,917537.91,6793.05,-18787.86,10
策略3_低价,01a10724-bbe6-74e3-b56d-81272c410a1a,2026-09-18,925297.54,918504.49,6793.05,-17821.28,10
策略3_低价,01a10724-bbe6-74e3-b56d-81272c410a1a,2026-09-21,923918.83,917125.78,6793.05,-19199.99,10
策略3_低价,01a10724-bbe6-74e3-b56d-81272c410a1a,2026-09-22,921307.34,914514.29,6793.05,-21811.48,10
策略3_低价,01a10724-bbe6-74e3-b56d-81272c410a1a,2026-09-23,919673.87,912880.82,6793.05,-23444.95,10
策略3_低价,01a10724-bbe6-74e3-b56d-81272c410a1a,2026-09-24,919271.34,912478.29,6793.05,-23847.48,10
策略3_低价,01a10724-bbe6-74e3-b56d-81272c410a1a,2026-09-28,918185.33,911392.28,6793.05,-24933.49,10
策略3_低价,01a10724-bbe6-74e3-b56d-81272c410a1a,2026-09-29,917957.23,911164.18,6793.05,-25161.59,10
策略3_低价,01a10724-bbe6-74e3-b56d-81272c410a1a,2026-09-30,918422.48,910057.59,8364.89,-20966.27,13
策略4_加权双低近似,01a10725-3d0c-74c1-ad51-2133c7807aa2,2026-01-05,999007.19,992802.58,6204.61,-992.81,10
策略4_加权双低近似,01a10725-3d0c-74c1-ad51-2133c7807aa2,2026-01-06,1014103.17,1007898.56,6204.61,14103.17,10
策略4_加权双低近似,01a10725-3d0c-74c1-ad51-2133c7807aa2,2026-01-07,1012436.96,1006232.35,6204.61,12436.96,10
策略4_加权双低近似,01a10725-3d0c-74c1-ad51-2133c7807aa2,2026-01-08,1007609.22,1001404.61,6204.61,7609.22,10
策略4_加权双低近似,01a10725-3d0c-74c1-ad51-2133c7807aa2,2026-01-09,1014730.73,1008526.12,6204.61,14730.73,10
策略4_加权双低近似,01a10725-3d0c-74c1-ad51-2133c7807aa2,2026-01-12,1029878.93,1023674.32,6204.61,29878.93,10
策略4_加权双低近似,01a10725-3d0c-74c1-ad51-2133c7807aa2,2026-01-13,1020221.53,1014016.92,6204.61,20221.53,10
策略4_加权双低近似,01a10725-3d0c-74c1-ad51-2133c7807aa2,2026-01-14,1013952.88,1007748.27,6204.61,13952.88,10
策略4_加权双低近似,01a10725-3d0c-74c1-ad51-2133c7807aa2,2026-01-15,1019865.28,1013660.67,6204.61,19865.28,10
策略4_加权双低近似,01a10725-3d0c-74c1-ad51-2133c7807aa2,2026-01-16,1013807.82,1007603.21,6204.61,13807.82,10
策略4_加权双低近似,01a10725-3d0c-74c1-ad51-2133c7807aa2,2026-01-19,1015674.75,1007465.8,8208.95,10887.2,12
策略4_加权双低近似,01a10725-3d0c-74c1-ad51-2133c7807aa2,2026-01-20,1018559.05,1010350.1,8208.95,13771.5,10
策略4_加权双低近似,01a10725-3d0c-74c1-ad51-2133c7807aa2,2026-01-21,1019799.34,1011590.39,8208.95,15011.79,10
策略4_加权双低近似,01a10725-3d0c-74c1-ad51-2133c7807aa2,2026-01-22,1029004.97,1020796.02,8208.95,24217.42,10
策略4_加权双低近似,01a10725-3d0c-74c1-ad51-2133c7807aa2,2026-01-23,1032615.5,1024406.55,8208.95,27827.95,10
策略4_加权双低近似,01a10725-3d0c-74c1-ad51-2133c7807aa2,2026-01-26,1025697.3,1015276.35,10420.95,18697.75,10
策略4_加权双低近似,01a10725-3d0c-74c1-ad51-2133c7807aa2,2026-01-27,1023784.52,1013363.57,10420.95,16784.97,10
策略4_加权双低近似,01a10725-3d0c-74c1-ad51-2133c7807aa2,2026-01-28,1031936.97,1021516.02,10420.95,24937.42,10
策略4_加权双低近似,01a10725-3d0c-74c1-ad51-2133c7807aa2,2026-01-29,1029899.36,1019478.41,10420.95,22899.81,10
策略4_加权双低近似,01a10725-3d0c-74c1-ad51-2133c7807aa2,2026-01-30,1019278.27,1008857.32,10420.95,12278.72,10
策略4_加权双低近似,01a10725-3d0c-74c1-ad51-2133c7807aa2,2026-02-02,1002078.97,994956.96,7122.01,2536.85,13
策略4_加权双低近似,01a10725-3d0c-74c1-ad51-2133c7807aa2,2026-02-03,1002623.72,995501.71,7122.01,3081.6,10
策略4_加权双低近似,01a10725-3d0c-74c1-ad51-2133c7807aa2,2026-02-04,1005699.61,998577.6,7122.01,6157.49,10
策略4_加权双低近似,01a10725-3d0c-74c1-ad51-2133c7807aa2,2026-02-05,1006403.54,999281.53,7122.01,6861.42,10
策略4_加权双低近似,01a10725-3d0c-74c1-ad51-2133c7807aa2,2026-02-06,1005095.54,997973.53,7122.01,5553.42,10
策略4_加权双低近似,01a10725-3d0c-74c1-ad51-2133c7807aa2,2026-02-09,1008066.42,1000944.41,7122.01,8524.3,10
策略4_加权双低近似,01a10725-3d0c-74c1-ad51-2133c7807aa2,2026-02-10,1011444.99,1004322.98,7122.01,11902.87,10
策略4_加权双低近似,01a10725-3d0c-74c1-ad51-2133c7807aa2,2026-02-11,1008548.47,1001426.46,7122.01,9006.35,10
策略4_加权双低近似,01a10725-3d0c-74c1-ad51-2133c7807aa2,2026-02-12,1002746.28,995624.27,7122.01,3204.16,10
策略4_加权双低近似,01a10725-3d0c-74c1-ad51-2133c7807aa2,2026-02-13,1001088.36,993966.35,7122.01,1546.24,10
策略4_加权双低近似,01a10725-3d0c-74c1-ad51-2133c7807aa2,2026-02-24,1002919.61,995294.0,7625.61,6559.85,13
策略4_加权双低近似,01a10725-3d0c-74c1-ad51-2133c7807aa2,2026-02-25,1010583.57,1002957.96,7625.61,14223.81,10
策略4_加权双低近似,01a10725-3d0c-74c1-ad51-2133c7807aa2,2026-02-26,999540.81,991915.2,7625.61,3181.05,10
策略4_加权双低近似,01a10725-3d0c-74c1-ad51-2133c7807aa2,2026-02-27,997814.62,990189.01,7625.61,1454.86,10
策略4_加权双低近似,01a10725-3d0c-74c1-ad51-2133c7807aa2,2026-03-02,989352.97,981727.36,7625.61,-7006.79,10
策略4_加权双低近似,01a10725-3d0c-74c1-ad51-2133c7807aa2,2026-03-03,979771.93,972146.32,7625.61,-16587.83,10
策略4_加权双低近似,01a10725-3d0c-74c1-ad51-2133c7807aa2,2026-03-04,975266.43,967640.82,7625.61,-21093.33,10
策略4_加权双低近似,01a10725-3d0c-74c1-ad51-2133c7807aa2,2026-03-05,977224.68,969599.07,7625.61,-19135.08,10
策略4_加权双低近似,01a10725-3d0c-74c1-ad51-2133c7807aa2,2026-03-06,979907.19,972281.58,7625.61,-16452.57,10
策略4_加权双低近似,01a10725-3d0c-74c1-ad51-2133c7807aa2,2026-03-09,978136.37,970510.76,7625.61,-18223.39,10
策略4_加权双低近似,01a10725-3d0c-74c1-ad51-2133c7807aa2,2026-03-10,979113.96,972790.67,6323.29,-4345.56,15
策略4_加权双低近似,01a10725-3d0c-74c1-ad51-2133c7807aa2,2026-03-11,981107.28,974783.99,6323.29,-2352.24,10
策略4_加权双低近似,01a10725-3d0c-74c1-ad51-2133c7807aa2,2026-03-12,968144.98,961821.69,6323.29,-15314.54,10
策略4_加权双低近似,01a10725-3d0c-74c1-ad51-2133c7807aa2,2026-03-13,954489.48,948166.19,6323.29,-28970.04,10
策略4_加权双低近似,01a10725-3d0c-74c1-ad51-2133c7807aa2,2026-03-16,949043.52,942720.23,6323.29,-34416.0,10
策略4_加权双低近似,01a10725-3d0c-74c1-ad51-2133c7807aa2,2026-03-17,943573.52,937250.23,6323.29,-39886.0,10
策略4_加权双低近似,01a10725-3d0c-74c1-ad51-2133c7807aa2,2026-03-18,940793.9,934470.61,6323.29,-42665.62,10
策略4_加权双低近似,01a10725-3d0c-74c1-ad51-2133c7807aa2,2026-03-19,928587.8,922264.51,6323.29,-54871.72,10
策略4_加权双低近似,01a10725-3d0c-74c1-ad51-2133c7807aa2,2026-03-20,922688.03,916364.74,6323.29,-60771.49,10
策略4_加权双低近似,01a10725-3d0c-74c1-ad51-2133c7807aa2,2026-03-23,917853.35,910523.66,7329.69,-66612.57,10
策略4_加权双低近似,01a10725-3d0c-74c1-ad51-2133c7807aa2,2026-03-24,926783.66,919620.48,7163.18,-12236.67,14
策略4_加权双低近似,01a10725-3d0c-74c1-ad51-2133c7807aa2,2026-03-25,930579.23,923416.05,7163.18,-8441.1,10
策略4_加权双低近似,01a10725-3d0c-74c1-ad51-2133c7807aa2,2026-03-26,922061.67,914898.49,7163.18,-16958.66,10
策略4_加权双低近似,01a10725-3d0c-74c1-ad51-2133c7807aa2,2026-03-27,925961.77,918798.59,7163.18,-13058.56,10
策略4_加权双低近似,01a10725-3d0c-74c1-ad51-2133c7807aa2,2026-03-30,918000.59,910837.41,7163.18,-21019.74,10
策略4_加权双低近似,01a10725-3d0c-74c1-ad51-2133c7807aa2,2026-03-31,910969.11,903805.93,7163.18,-28051.22,10
策略4_加权双低近似,01a10725-3d0c-74c1-ad51-2133c7807aa2,2026-04-01,924487.37,917324.19,7163.18,-14532.96,10
策略4_加权双低近似,01a10725-3d0c-74c1-ad51-2133c7807aa2,2026-04-02,905469.1,898305.92,7163.18,-33551.23,10
策略4_加权双低近似,01a10725-3d0c-74c1-ad51-2133c7807aa2,2026-04-03,900606.91,893443.73,7163.18,-38413.42,10
策略4_加权双低近似,01a10725-3d0c-74c1-ad51-2133c7807aa2,2026-04-07,908779.43,901616.25,7163.18,-30240.9,10
策略4_加权双低近似,01a10725-3d0c-74c1-ad51-2133c7807aa2,2026-04-08,915092.07,907867.35,7224.72,-19737.07,13
策略4_加权双低近似,01a10725-3d0c-74c1-ad51-2133c7807aa2,2026-04-09,907371.01,900146.29,7224.72,-27458.13,10
策略4_加权双低近似,01a10725-3d0c-74c1-ad51-2133c7807aa2,2026-04-10,906735.82,899511.1,7224.72,-28093.32,10
策略4_加权双低近似,01a10725-3d0c-74c1-ad51-2133c7807aa2,2026-04-13,899627.88,892403.16,7224.72,-35201.26,10
策略4_加权双低近似,01a10725-3d0c-74c1-ad51-2133c7807aa2,2026-04-14,902062.69,894837.97,7224.72,-32766.45,10
策略4_加权双低近似,01a10725-3d0c-74c1-ad51-2133c7807aa2,2026-04-15,0,0,0,0,0
策略4_加权双低近似,01a10725-3d0c-74c1-ad51-2133c7807aa2,2026-04-16,909975.02,902750.3,7224.72,-24854.12,10
策略4_加权双低近似,01a10725-3d0c-74c1-ad51-2133c7807aa2,2026-04-17,907114.76,899890.04,7224.72,-27714.38,10
策略4_加权双低近似,01a10725-3d0c-74c1-ad51-2133c7807aa2,2026-04-20,908405.29,901180.57,7224.72,-26423.85,10
策略4_加权双低近似,01a10725-3d0c-74c1-ad51-2133c7807aa2,2026-04-21,902984.34,895759.62,7224.72,-31844.8,10
策略4_加权双低近似,01a10725-3d0c-74c1-ad51-2133c7807aa2,2026-04-22,900725.61,893901.43,6824.18,-26151.7,13
策略4_加权双低近似,01a10725-3d0c-74c1-ad51-2133c7807aa2,2026-04-23,895513.0,888688.82,6824.18,-31364.31,10
策略4_加权双低近似,01a10725-3d0c-74c1-ad51-2133c7807aa2,2026-04-24,897633.96,890809.78,6824.18,-29243.35,10
策略4_加权双低近似,01a10725-3d0c-74c1-ad51-2133c7807aa2,2026-04-27,902072.76,895248.58,6824.18,-24804.55,10
策略4_加权双低近似,01a10725-3d0c-74c1-ad51-2133c7807aa2,2026-04-28,897319.51,890495.33,6824.18,-29557.8,10
策略4_加权双低近似,01a10725-3d0c-74c1-ad51-2133c7807aa2,2026-04-29,894110.6,887286.42,6824.18,-32766.71,10
策略4_加权双低近似,01a10725-3d0c-74c1-ad51-2133c7807aa2,2026-04-30,869943.52,863119.34,6824.18,-56933.79,10
策略4_加权双低近似,01a10725-3d0c-74c1-ad51-2133c7807aa2,2026-05-06,846591.69,839767.51,6824.18,-80285.62,10
策略4_加权双低近似,01a10725-3d0c-74c1-ad51-2133c7807aa2,2026-05-07,860620.15,853795.97,6824.18,-66257.16,10
策略4_加权双低近似,01a10725-3d0c-74c1-ad51-2133c7807aa2,2026-05-08,873379.7,866555.52,6824.18,-53497.61,10
策略4_加权双低近似,01a10725-3d0c-74c1-ad51-2133c7807aa2,2026-05-11,870138.22,863565.68,6572.54,187.54,15
策略4_加权双低近似,01a10725-3d0c-74c1-ad51-2133c7807aa2,2026-05-12,857439.9,850867.36,6572.54,-12510.78,10
策略4_加权双低近似,01a10725-3d0c-74c1-ad51-2133c7807aa2,2026-05-13,856129.34,849556.8,6572.54,-13821.34,10
策略4_加权双低近似,01a10725-3d0c-74c1-ad51-2133c7807aa2,2026-05-14,844971.13,838398.59,6572.54,-24979.55,10
策略4_加权双低近似,01a10725-3d0c-74c1-ad51-2133c7807aa2,2026-05-15,839855.7,833283.16,6572.54,-30094.98,10
策略4_加权双低近似,01a10725-3d0c-74c1-ad51-2133c7807aa2,2026-05-18,829592.03,823019.49,6572.54,-40358.65,10
策略4_加权双低近似,01a10725-3d0c-74c1-ad51-2133c7807aa2,2026-05-19,838698.69,832126.15,6572.54,-31251.99,10
策略4_加权双低近似,01a10725-3d0c-74c1-ad51-2133c7807aa2,2026-05-20,836395.33,829822.79,6572.54,-33555.35,10
策略4_加权双低近似,01a10725-3d0c-74c1-ad51-2133c7807aa2,2026-05-21,825148.02,818575.48,6572.54,-44802.66,10
策略4_加权双低近似,01a10725-3d0c-74c1-ad51-2133c7807aa2,2026-05-22,824488.81,817916.27,6572.54,-45461.87,10
策略4_加权双低近似,01a10725-3d0c-74c1-ad51-2133c7807aa2,2026-05-25,820219.67,811898.7,8320.97,-37674.65,12
策略4_加权双低近似,01a10725-3d0c-74c1-ad51-2133c7807aa2,2026-05-26,818045.98,809725.01,8320.97,-39848.34,10
策略4_加权双低近似,01a10725-3d0c-74c1-ad51-2133c7807aa2,2026-05-27,811199.82,802878.85,8320.97,-46694.5,10
策略4_加权双低近似,01a10725-3d0c-74c1-ad51-2133c7807aa2,2026-05-28,812875.36,804554.39,8320.97,-45018.96,10
策略4_加权双低近似,01a10725-3d0c-74c1-ad51-2133c7807aa2,2026-05-29,815822.63,807501.66,8320.97,-42071.69,10
策略4_加权双低近似,01a10725-3d0c-74c1-ad51-2133c7807aa2,2026-06-01,818027.1,809706.13,8320.97,-39867.22,10
策略4_加权双低近似,01a10725-3d0c-74c1-ad51-2133c7807aa2,2026-06-02,814642.15,806321.18,8320.97,-43252.17,10
策略4_加权双低近似,01a10725-3d0c-74c1-ad51-2133c7807aa2,2026-06-03,812230.3,803909.33,8320.97,-45664.02,10
策略4_加权双低近似,01a10725-3d0c-74c1-ad51-2133c7807aa2,2026-06-04,811225.86,802904.89,8320.97,-46668.46,10
策略4_加权双低近似,01a10725-3d0c-74c1-ad51-2133c7807aa2,2026-06-05,812381.72,804060.75,8320.97,-45512.6,10
策略4_加权双低近似,01a10725-3d0c-74c1-ad51-2133c7807aa2,2026-06-08,808759.69,802089.56,6670.13,-29425.93,14
策略4_加权双低近似,01a10725-3d0c-74c1-ad51-2133c7807aa2,2026-06-09,806337.91,799667.78,6670.13,-31847.71,10
策略4_加权双低近似,01a10725-3d0c-74c1-ad51-2133c7807aa2,2026-06-10,799284.5,792614.37,6670.13,-38901.12,10
策略4_加权双低近似,01a10725-3d0c-74c1-ad51-2133c7807aa2,2026-06-11,798142.1,791471.97,6670.13,-40043.52,10
策略4_加权双低近似,01a10725-3d0c-74c1-ad51-2133c7807aa2,2026-06-12,804787.36,798117.23,6670.13,-33398.26,10
策略4_加权双低近似,01a10725-3d0c-74c1-ad51-2133c7807aa2,2026-06-15,806522.87,799852.74,6670.13,-31662.75,10
策略4_加权双低近似,01a10725-3d0c-74c1-ad51-2133c7807aa2,2026-06-16,803490.19,796820.06,6670.13,-34695.43,10
策略4_加权双低近似,01a10725-3d0c-74c1-ad51-2133c7807aa2,2026-06-17,799279.46,792609.33,6670.13,-38906.16,10
策略4_加权双低近似,01a10725-3d0c-74c1-ad51-2133c7807aa2,2026-06-18,796226.46,789556.33,6670.13,-41959.16,10
策略4_加权双低近似,01a10725-3d0c-74c1-ad51-2133c7807aa2,2026-06-22,797916.46,791246.33,6670.13,-40269.16,10
策略4_加权双低近似,01a10725-3d0c-74c1-ad51-2133c7807aa2,2026-06-23,795691.88,788313.12,7378.76,-39025.13,11
策略4_加权双低近似,01a10725-3d0c-74c1-ad51-2133c7807aa2,2026-06-24,793670.49,786291.73,7378.76,-41046.52,10
策略4_加权双低近似,01a10725-3d0c-74c1-ad51-2133c7807aa2,2026-06-25,791123.02,783744.26,7378.76,-43593.99,10
策略4_加权双低近似,01a10725-3d0c-74c1-ad51-2133c7807aa2,2026-06-26,787989.25,780610.49,7378.76,-46727.76,10
策略4_加权双低近似,01a10725-3d0c-74c1-ad51-2133c7807aa2,2026-06-29,787807.59,780428.83,7378.76,-46909.42,10
策略4_加权双低近似,01a10725-3d0c-74c1-ad51-2133c7807aa2,2026-06-30,786241.29,778862.53,7378.76,-48475.72,10
策略4_加权双低近似,01a10725-3d0c-74c1-ad51-2133c7807aa2,2026-07-01,793771.8,786393.04,7378.76,-40945.21,10
策略4_加权双低近似,01a10725-3d0c-74c1-ad51-2133c7807aa2,2026-07-02,795699.69,788320.93,7378.76,-39017.32,10
策略4_加权双低近似,01a10725-3d0c-74c1-ad51-2133c7807aa2,2026-07-03,800882.27,793503.51,7378.76,-33834.74,10
策略4_加权双低近似,01a10725-3d0c-74c1-ad51-2133c7807aa2,2026-07-06,805377.54,797998.78,7378.76,-29339.47,10
策略4_加权双低近似,01a10725-3d0c-74c1-ad51-2133c7807aa2,2026-07-07,800518.12,794395.99,6122.13,-25693.24,14
策略4_加权双低近似,01a10725-3d0c-74c1-ad51-2133c7807aa2,2026-07-08,801838.05,795715.92,6122.13,-24373.31,10
策略4_加权双低近似,01a10725-3d0c-74c1-ad51-2133c7807aa2,2026-07-09,800023.26,793901.13,6122.13,-26188.1,10
策略4_加权双低近似,01a10725-3d0c-74c1-ad51-2133c7807aa2,2026-07-10,803255.32,797133.19,6122.13,-22956.04,10
策略4_加权双低近似,01a10725-3d0c-74c1-ad51-2133c7807aa2,2026-07-13,799382.48,793260.35,6122.13,-26828.88,10
策略4_加权双低近似,01a10725-3d0c-74c1-ad51-2133c7807aa2,2026-07-14,803762.91,797640.78,6122.13,-22448.45,10
策略4_加权双低近似,01a10725-3d0c-74c1-ad51-2133c7807aa2,2026-07-15,805803.74,799681.61,6122.13,-20407.62,10
策略4_加权双低近似,01a10725-3d0c-74c1-ad51-2133c7807aa2,2026-07-16,806724.67,800602.54,6122.13,-19486.69,10
策略4_加权双低近似,01a10725-3d0c-74c1-ad51-2133c7807aa2,2026-07-17,803421.23,797299.1,6122.13,-22790.13,10
策略4_加权双低近似,01a10725-3d0c-74c1-ad51-2133c7807aa2,2026-07-20,810912.85,804790.72,6122.13,-15298.51,10
策略4_加权双低近似,01a10725-3d0c-74c1-ad51-2133c7807aa2,2026-07-21,809749.21,801854.85,7894.36,-8780.22,14
策略4_加权双低近似,01a10725-3d0c-74c1-ad51-2133c7807aa2,2026-07-22,812732.36,804838.0,7894.36,-5797.07,10
策略4_加权双低近似,01a10725-3d0c-74c1-ad51-2133c7807aa2,2026-07-23,810689.4,802795.04,7894.36,-7840.03,10
策略4_加权双低近似,01a10725-3d0c-74c1-ad51-2133c7807aa2,2026-07-24,803791.93,795897.57,7894.36,-14737.5,10
策略4_加权双低近似,01a10725-3d0c-74c1-ad51-2133c7807aa2,2026-07-27,806801.86,798907.5,7894.36,-11727.57,10
策略4_加权双低近似,01a10725-3d0c-74c1-ad51-2133c7807aa2,2026-07-28,803764.07,795869.71,7894.36,-14765.36,10
策略4_加权双低近似,01a10725-3d0c-74c1-ad51-2133c7807aa2,2026-07-29,807352.27,799457.91,7894.36,-11177.16,10
策略4_加权双低近似,01a10725-3d0c-74c1-ad51-2133c7807aa2,2026-07-30,807492.8,799598.44,7894.36,-11036.63,10
策略4_加权双低近似,01a10725-3d0c-74c1-ad51-2133c7807aa2,2026-07-31,808071.89,800177.53,7894.36,-10457.54,10
策略4_加权双低近似,01a10725-3d0c-74c1-ad51-2133c7807aa2,2026-08-03,807328.92,799434.56,7894.36,-11200.51,10
策略4_加权双低近似,01a10725-3d0c-74c1-ad51-2133c7807aa2,2026-08-04,802429.92,794465.16,7964.76,-14874.53,11
策略4_加权双低近似,01a10725-3d0c-74c1-ad51-2133c7807aa2,2026-08-05,799531.82,791567.06,7964.76,-17772.63,10
策略4_加权双低近似,01a10725-3d0c-74c1-ad51-2133c7807aa2,2026-08-06,794220.09,786255.33,7964.76,-23084.36,10
策略4_加权双低近似,01a10725-3d0c-74c1-ad51-2133c7807aa2,2026-08-07,794303.25,786338.49,7964.76,-23001.2,10
策略4_加权双低近似,01a10725-3d0c-74c1-ad51-2133c7807aa2,2026-08-10,799657.87,791693.11,7964.76,-17646.58,10
策略4_加权双低近似,01a10725-3d0c-74c1-ad51-2133c7807aa2,2026-08-11,799106.47,791141.71,7964.76,-18197.98,10
策略4_加权双低近似,01a10725-3d0c-74c1-ad51-2133c7807aa2,2026-08-12,796901.29,788936.53,7964.76,-20403.16,10
策略4_加权双低近似,01a10725-3d0c-74c1-ad51-2133c7807aa2,2026-08-13,794192.58,786227.82,7964.76,-23111.87,10
策略4_加权双低近似,01a10725-3d0c-74c1-ad51-2133c7807aa2,2026-08-14,792522.68,784557.92,7964.76,-24781.77,10
策略4_加权双低近似,01a10725-3d0c-74c1-ad51-2133c7807aa2,2026-08-17,792928.84,784964.08,7964.76,-24375.61,10
策略4_加权双低近似,01a10725-3d0c-74c1-ad51-2133c7807aa2,2026-08-18,791243.51,785160.37,6083.14,-22943.68,12
策略4_加权双低近似,01a10725-3d0c-74c1-ad51-2133c7807aa2,2026-08-19,793263.94,787180.8,6083.14,-20923.25,10
策略4_加权双低近似,01a10725-3d0c-74c1-ad51-2133c7807aa2,2026-08-20,794025.31,787942.17,6083.14,-20161.88,10
策略4_加权双低近似,01a10725-3d0c-74c1-ad51-2133c7807aa2,2026-08-21,790170.5,784087.36,6083.14,-24016.69,10
策略4_加权双低近似,01a10725-3d0c-74c1-ad51-2133c7807aa2,2026-08-24,788264.12,782180.98,6083.14,-25923.07,10
策略4_加权双低近似,01a10725-3d0c-74c1-ad51-2133c7807aa2,2026-08-25,790980.94,784897.8,6083.14,-23206.25,10
策略4_加权双低近似,01a10725-3d0c-74c1-ad51-2133c7807aa2,2026-08-26,791593.81,785510.67,6083.14,-22593.38,10
策略4_加权双低近似,01a10725-3d0c-74c1-ad51-2133c7807aa2,2026-08-27,794949.74,788866.6,6083.14,-19237.45,10
策略4_加权双低近似,01a10725-3d0c-74c1-ad51-2133c7807aa2,2026-08-28,794253.94,788170.8,6083.14,-19933.25,10
策略4_加权双低近似,01a10725-3d0c-74c1-ad51-2133c7807aa2,2026-08-31,794411.78,788328.64,6083.14,-19775.41,10
策略4_加权双低近似,01a10725-3d0c-74c1-ad51-2133c7807aa2,2026-09-01,795154.43,789180.73,5973.7,-17601.98,12
策略4_加权双低近似,01a10725-3d0c-74c1-ad51-2133c7807aa2,2026-09-02,791550.66,785576.96,5973.7,-21205.75,10
策略4_加权双低近似,01a10725-3d0c-74c1-ad51-2133c7807aa2,2026-09-03,791180.1,785206.4,5973.7,-21576.31,10
策略4_加权双低近似,01a10725-3d0c-74c1-ad51-2133c7807aa2,2026-09-04,790289.39,784315.69,5973.7,-22467.02,10
策略4_加权双低近似,01a10725-3d0c-74c1-ad51-2133c7807aa2,2026-09-07,789356.9,783383.2,5973.7,-23399.51,10
策略4_加权双低近似,01a10725-3d0c-74c1-ad51-2133c7807aa2,2026-09-08,788311.28,782337.58,5973.7,-24445.13,10
策略4_加权双低近似,01a10725-3d0c-74c1-ad51-2133c7807aa2,2026-09-09,785546.49,779572.79,5973.7,-27209.92,10
策略4_加权双低近似,01a10725-3d0c-74c1-ad51-2133c7807aa2,2026-09-10,784310.24,778336.54,5973.7,-28446.17,10
策略4_加权双低近似,01a10725-3d0c-74c1-ad51-2133c7807aa2,2026-09-11,780421.97,774448.27,5973.7,-32334.44,10
策略4_加权双低近似,01a10725-3d0c-74c1-ad51-2133c7807aa2,2026-09-14,780322.23,774348.53,5973.7,-32434.18,10
策略4_加权双低近似,01a10725-3d0c-74c1-ad51-2133c7807aa2,2026-09-15,776534.23,769290.14,7244.09,-30097.06,11
策略4_加权双低近似,01a10725-3d0c-74c1-ad51-2133c7807aa2,2026-09-16,777745.66,770501.57,7244.09,-28885.63,10
策略4_加权双低近似,01a10725-3d0c-74c1-ad51-2133c7807aa2,2026-09-17,775002.89,767758.8,7244.09,-31628.4,10
策略4_加权双低近似,01a10725-3d0c-74c1-ad51-2133c7807aa2,2026-09-18,776022.56,768778.47,7244.09,-30608.73,10
策略4_加权双低近似,01a10725-3d0c-74c1-ad51-2133c7807aa2,2026-09-21,775719.97,768475.88,7244.09,-30911.32,10
策略4_加权双低近似,01a10725-3d0c-74c1-ad51-2133c7807aa2,2026-09-22,771637.79,764393.7,7244.09,-34993.5,10
策略4_加权双低近似,01a10725-3d0c-74c1-ad51-2133c7807aa2,2026-09-23,767044.96,759800.87,7244.09,-39586.33,10
策略4_加权双低近似,01a10725-3d0c-74c1-ad51-2133c7807aa2,2026-09-24,763921.95,756677.86,7244.09,-42709.34,10
策略4_加权双低近似,01a10725-3d0c-74c1-ad51-2133c7807aa2,2026-09-28,761239.96,753995.87,7244.09,-45391.33,10
策略4_加权双低近似,01a10725-3d0c-74c1-ad51-2133c7807aa2,2026-09-29,760915.63,753671.54,7244.09,-45715.66,10
策略4_加权双低近似,01a10725-3d0c-74c1-ad51-2133c7807aa2,2026-09-30,762674.59,753973.21,8701.38,-23586.46,13
策略5_三低近似,01a10725-5e78-7612-b445-4ca1d1081a4c,2026-01-05,999007.86,992127.86,6880.0,-992.14,10
策略5_三低近似,01a10725-5e78-7612-b445-4ca1d1081a4c,2026-01-06,1023541.68,1016661.68,6880.0,23541.68,10
策略5_三低近似,01a10725-5e78-7612-b445-4ca1d1081a4c,2026-01-07,1019543.3,1012663.3,6880.0,19543.3,10
策略5_三低近似,01a10725-5e78-7612-b445-4ca1d1081a4c,2026-01-08,1022357.07,1015477.07,6880.0,22357.07,10
策略5_三低近似,01a10725-5e78-7612-b445-4ca1d1081a4c,2026-01-09,1031779.59,1024899.59,6880.0,31779.59,10
策略5_三低近似,01a10725-5e78-7612-b445-4ca1d1081a4c,2026-01-12,1056191.57,1049311.57,6880.0,56191.57,10
策略5_三低近似,01a10725-5e78-7612-b445-4ca1d1081a4c,2026-01-13,1048984.43,1042104.43,6880.0,48984.43,10
策略5_三低近似,01a10725-5e78-7612-b445-4ca1d1081a4c,2026-01-14,1051603.67,1044723.67,6880.0,51603.67,10
策略5_三低近似,01a10725-5e78-7612-b445-4ca1d1081a4c,2026-01-15,1056706.08,1049826.08,6880.0,56706.08,10
策略5_三低近似,01a10725-5e78-7612-b445-4ca1d1081a4c,2026-01-16,1058130.58,1051250.58,6880.0,58130.58,10
策略5_三低近似,01a10725-5e78-7612-b445-4ca1d1081a4c,2026-01-19,1077208.28,1069703.26,7505.02,10775.11,14
策略5_三低近似,01a10725-5e78-7612-b445-4ca1d1081a4c,2026-01-20,1066059.72,1058554.7,7505.02,-373.45,10
策略5_三低近似,01a10725-5e78-7612-b445-4ca1d1081a4c,2026-01-21,1075107.48,1067602.46,7505.02,8674.31,10
策略5_三低近似,01a10725-5e78-7612-b445-4ca1d1081a4c,2026-01-22,1084734.31,1077229.29,7505.02,18301.14,10
策略5_三低近似,01a10725-5e78-7612-b445-4ca1d1081a4c,2026-01-23,1091018.27,1083513.25,7505.02,24585.1,10
策略5_三低近似,01a10725-5e78-7612-b445-4ca1d1081a4c,2026-01-26,1068994.35,1061489.33,7505.02,2561.18,10
策略5_三低近似,01a10725-5e78-7612-b445-4ca1d1081a4c,2026-01-27,1072389.73,1064884.71,7505.02,5956.56,10
策略5_三低近似,01a10725-5e78-7612-b445-4ca1d1081a4c,2026-01-28,1066060.23,1058555.21,7505.02,-372.94,10
策略5_三低近似,01a10725-5e78-7612-b445-4ca1d1081a4c,2026-01-29,1062501.76,1054996.74,7505.02,-3931.41,10
策略5_三低近似,01a10725-5e78-7612-b445-4ca1d1081a4c,2026-01-30,1047100.58,1039595.56,7505.02,-19332.59,10
策略5_三低近似,01a10725-5e78-7612-b445-4ca1d1081a4c,2026-02-02,1026896.9,1020031.25,6865.65,-15662.96,15
策略5_三低近似,01a10725-5e78-7612-b445-4ca1d1081a4c,2026-02-03,1049318.41,1042452.76,6865.65,6758.55,10
策略5_三低近似,01a10725-5e78-7612-b445-4ca1d1081a4c,2026-02-04,1039820.42,1032954.77,6865.65,-2739.44,10
策略5_三低近似,01a10725-5e78-7612-b445-4ca1d1081a4c,2026-02-05,1034373.99,1027508.34,6865.65,-8185.87,10
策略5_三低近似,01a10725-5e78-7612-b445-4ca1d1081a4c,2026-02-06,1050295.16,1043429.51,6865.65,7735.3,10
策略5_三低近似,01a10725-5e78-7612-b445-4ca1d1081a4c,2026-02-09,1071312.51,1064446.86,6865.65,28752.65,10
策略5_三低近似,01a10725-5e78-7612-b445-4ca1d1081a4c,2026-02-10,1099184.36,1092318.71,6865.65,56624.5,10
策略5_三低近似,01a10725-5e78-7612-b445-4ca1d1081a4c,2026-02-11,1102099.31,1095233.66,6865.65,59539.45,10
策略5_三低近似,01a10725-5e78-7612-b445-4ca1d1081a4c,2026-02-12,1103558.67,1096693.02,6865.65,60998.81,10
策略5_三低近似,01a10725-5e78-7612-b445-4ca1d1081a4c,2026-02-13,1093481.61,1086615.96,6865.65,50921.75,10
策略5_三低近似,01a10725-5e78-7612-b445-4ca1d1081a4c,2026-02-24,1106580.76,1096980.79,9599.97,5111.31,14
策略5_三低近似,01a10725-5e78-7612-b445-4ca1d1081a4c,2026-02-25,1106495.71,1096895.74,9599.97,5026.26,10
策略5_三低近似,01a10725-5e78-7612-b445-4ca1d1081a4c,2026-02-26,1101976.09,1092376.12,9599.97,506.64,10
策略5_三低近似,01a10725-5e78-7612-b445-4ca1d1081a4c,2026-02-27,1092779.4,1083179.43,9599.97,-8690.05,10
策略5_三低近似,01a10725-5e78-7612-b445-4ca1d1081a4c,2026-03-02,1083605.78,1074005.81,9599.97,-17863.67,10
策略5_三低近似,01a10725-5e78-7612-b445-4ca1d1081a4c,2026-03-03,1081088.66,1071488.69,9599.97,-20380.79,10
策略5_三低近似,01a10725-5e78-7612-b445-4ca1d1081a4c,2026-03-04,1069761.68,1060161.71,9599.97,-31707.77,10
策略5_三低近似,01a10725-5e78-7612-b445-4ca1d1081a4c,2026-03-05,1068183.24,1058583.27,9599.97,-33286.21,10
策略5_三低近似,01a10725-5e78-7612-b445-4ca1d1081a4c,2026-03-06,1070619.98,1061020.01,9599.97,-30849.47,10
策略5_三低近似,01a10725-5e78-7612-b445-4ca1d1081a4c,2026-03-09,1066122.11,1056522.14,9599.97,-35347.34,10
策略5_三低近似,01a10725-5e78-7612-b445-4ca1d1081a4c,2026-03-10,1071852.75,1062796.0,9056.75,-6427.34,13
策略5_三低近似,01a10725-5e78-7612-b445-4ca1d1081a4c,2026-03-11,1077711.86,1068655.11,9056.75,-568.23,10
策略5_三低近似,01a10725-5e78-7612-b445-4ca1d1081a4c,2026-03-12,1059656.95,1050600.2,9056.75,-18623.14,10
策略5_三低近似,01a10725-5e78-7612-b445-4ca1d1081a4c,2026-03-13,1039523.12,1030466.37,9056.75,-38756.97,10
策略5_三低近似,01a10725-5e78-7612-b445-4ca1d1081a4c,2026-03-16,1047903.72,1037795.77,10107.95,-31427.57,10
策略5_三低近似,01a10725-5e78-7612-b445-4ca1d1081a4c,2026-03-17,1021079.64,1010971.69,10107.95,-58251.65,10
策略5_三低近似,01a10725-5e78-7612-b445-4ca1d1081a4c,2026-03-18,1042569.47,1032461.52,10107.95,-36761.82,10
策略5_三低近似,01a10725-5e78-7612-b445-4ca1d1081a4c,2026-03-19,1028431.6,1018323.65,10107.95,-50899.69,10
策略5_三低近似,01a10725-5e78-7612-b445-4ca1d1081a4c,2026-03-20,1004648.56,994540.61,10107.95,-74682.73,10
策略5_三低近似,01a10725-5e78-7612-b445-4ca1d1081a4c,2026-03-23,992401.1,982293.15,10107.95,-86930.19,10
策略5_三低近似,01a10725-5e78-7612-b445-4ca1d1081a4c,2026-03-24,1018254.33,1010093.37,8160.96,-32052.74,13
策略5_三低近似,01a10725-5e78-7612-b445-4ca1d1081a4c,2026-03-25,1018616.17,1010455.21,8160.96,-31690.9,10
策略5_三低近似,01a10725-5e78-7612-b445-4ca1d1081a4c,2026-03-26,1001894.5,993733.54,8160.96,-48412.57,10
策略5_三低近似,01a10725-5e78-7612-b445-4ca1d1081a4c,2026-03-27,1006008.84,997847.88,8160.96,-44298.23,10
策略5_三低近似,01a10725-5e78-7612-b445-4ca1d1081a4c,2026-03-30,999170.08,991009.12,8160.96,-51136.99,10
策略5_三低近似,01a10725-5e78-7612-b445-4ca1d1081a4c,2026-03-31,984348.12,976187.16,8160.96,-65958.95,10
策略5_三低近似,01a10725-5e78-7612-b445-4ca1d1081a4c,2026-04-01,1005874.39,997713.43,8160.96,-44432.68,10
策略5_三低近似,01a10725-5e78-7612-b445-4ca1d1081a4c,2026-04-02,986321.08,978160.12,8160.96,-63985.99,10
策略5_三低近似,01a10725-5e78-7612-b445-4ca1d1081a4c,2026-04-03,998639.06,990478.1,8160.96,-51668.01,10
策略5_三低近似,01a10725-5e78-7612-b445-4ca1d1081a4c,2026-04-07,1000175.77,992014.81,8160.96,-50131.3,10
策略5_三低近似,01a10725-5e78-7612-b445-4ca1d1081a4c,2026-04-08,1031096.9,1023116.4,7980.5,-16575.35,12
策略5_三低近似,01a10725-5e78-7612-b445-4ca1d1081a4c,2026-04-09,1020802.51,1012822.01,7980.5,-26869.74,10
策略5_三低近似,01a10725-5e78-7612-b445-4ca1d1081a4c,2026-04-10,1015571.92,1007591.42,7980.5,-32100.33,10
策略5_三低近似,01a10725-5e78-7612-b445-4ca1d1081a4c,2026-04-13,1014098.94,1006118.44,7980.5,-33573.31,10
策略5_三低近似,01a10725-5e78-7612-b445-4ca1d1081a4c,2026-04-14,1021649.46,1013668.96,7980.5,-26022.79,10
策略5_三低近似,01a10725-5e78-7612-b445-4ca1d1081a4c,2026-04-15,0,0,0,0,0
策略5_三低近似,01a10725-5e78-7612-b445-4ca1d1081a4c,2026-04-16,1054292.11,1046311.61,7980.5,6619.86,10
策略5_三低近似,01a10725-5e78-7612-b445-4ca1d1081a4c,2026-04-17,1036102.34,1028121.84,7980.5,-11569.91,10
策略5_三低近似,01a10725-5e78-7612-b445-4ca1d1081a4c,2026-04-20,1055185.85,1047205.35,7980.5,7513.6,10
策略5_三低近似,01a10725-5e78-7612-b445-4ca1d1081a4c,2026-04-21,1028126.78,1020146.28,7980.5,-19545.47,10
策略5_三低近似,01a10725-5e78-7612-b445-4ca1d1081a4c,2026-04-22,1033712.15,1026143.58,7568.57,-18498.26,12
策略5_三低近似,01a10725-5e78-7612-b445-4ca1d1081a4c,2026-04-23,1033019.26,1025450.69,7568.57,-19191.15,10
策略5_三低近似,01a10725-5e78-7612-b445-4ca1d1081a4c,2026-04-24,1023094.92,1015526.35,7568.57,-29115.49,10
策略5_三低近似,01a10725-5e78-7612-b445-4ca1d1081a4c,2026-04-27,1033069.34,1025500.77,7568.57,-19141.07,10
策略5_三低近似,01a10725-5e78-7612-b445-4ca1d1081a4c,2026-04-28,1029249.73,1021681.16,7568.57,-22960.68,10
策略5_三低近似,01a10725-5e78-7612-b445-4ca1d1081a4c,2026-04-29,1030204.24,1022635.67,7568.57,-22006.17,10
策略5_三低近似,01a10725-5e78-7612-b445-4ca1d1081a4c,2026-04-30,1020491.08,1012922.51,7568.57,-31719.33,10
策略5_三低近似,01a10725-5e78-7612-b445-4ca1d1081a4c,2026-05-06,1030998.14,1023429.57,7568.57,-21212.27,10
策略5_三低近似,01a10725-5e78-7612-b445-4ca1d1081a4c,2026-05-07,1035300.64,1027732.07,7568.57,-16909.77,10
策略5_三低近似,01a10725-5e78-7612-b445-4ca1d1081a4c,2026-05-08,1034781.83,1027213.26,7568.57,-17428.58,10
策略5_三低近似,01a10725-5e78-7612-b445-4ca1d1081a4c,2026-05-11,1029437.82,1021492.94,7944.88,-10476.86,12
策略5_三低近似,01a10725-5e78-7612-b445-4ca1d1081a4c,2026-05-12,1013008.47,1005063.59,7944.88,-26906.21,10
策略5_三低近似,01a10725-5e78-7612-b445-4ca1d1081a4c,2026-05-13,1012574.41,1004629.53,7944.88,-27340.27,10
策略5_三低近似,01a10725-5e78-7612-b445-4ca1d1081a4c,2026-05-14,997318.39,989373.51,7944.88,-42596.29,10
策略5_三低近似,01a10725-5e78-7612-b445-4ca1d1081a4c,2026-05-15,993721.42,985776.54,7944.88,-46193.26,10
策略5_三低近似,01a10725-5e78-7612-b445-4ca1d1081a4c,2026-05-18,992273.14,984328.26,7944.88,-47641.54,10
策略5_三低近似,01a10725-5e78-7612-b445-4ca1d1081a4c,2026-05-19,1012203.89,1004259.01,7944.88,-27710.79,10
策略5_三低近似,01a10725-5e78-7612-b445-4ca1d1081a4c,2026-05-20,1010504.41,1002559.53,7944.88,-29410.27,10
策略5_三低近似,01a10725-5e78-7612-b445-4ca1d1081a4c,2026-05-21,991882.91,983938.03,7944.88,-48031.77,10
策略5_三低近似,01a10725-5e78-7612-b445-4ca1d1081a4c,2026-05-22,997568.78,989623.9,7944.88,-42345.9,10
策略5_三低近似,01a10725-5e78-7612-b445-4ca1d1081a4c,2026-05-25,990711.42,983396.85,7314.57,-28941.97,13
策略5_三低近似,01a10725-5e78-7612-b445-4ca1d1081a4c,2026-05-26,977139.49,969824.92,7314.57,-42513.9,10
策略5_三低近似,01a10725-5e78-7612-b445-4ca1d1081a4c,2026-05-27,967408.44,960093.87,7314.57,-52244.95,10
策略5_三低近似,01a10725-5e78-7612-b445-4ca1d1081a4c,2026-05-28,980321.92,973007.35,7314.57,-39331.47,10
策略5_三低近似,01a10725-5e78-7612-b445-4ca1d1081a4c,2026-05-29,954831.95,947517.38,7314.57,-64821.44,10
策略5_三低近似,01a10725-5e78-7612-b445-4ca1d1081a4c,2026-06-01,961898.89,954584.32,7314.57,-57754.5,10
策略5_三低近似,01a10725-5e78-7612-b445-4ca1d1081a4c,2026-06-02,954119.45,946804.88,7314.57,-65533.94,10
策略5_三低近似,01a10725-5e78-7612-b445-4ca1d1081a4c,2026-06-03,947446.27,940131.7,7314.57,-72207.12,10
策略5_三低近似,01a10725-5e78-7612-b445-4ca1d1081a4c,2026-06-04,933107.16,925792.59,7314.57,-86546.23,10
策略5_三低近似,01a10725-5e78-7612-b445-4ca1d1081a4c,2026-06-05,935025.18,927710.61,7314.57,-84628.21,10
策略5_三低近似,01a10725-5e78-7612-b445-4ca1d1081a4c,2026-06-08,927775.37,919146.26,8629.11,-63719.87,12
策略5_三低近似,01a10725-5e78-7612-b445-4ca1d1081a4c,2026-06-09,933870.93,925241.82,8629.11,-57624.31,10
策略5_三低近似,01a10725-5e78-7612-b445-4ca1d1081a4c,2026-06-10,916470.19,907841.08,8629.11,-75025.05,10
策略5_三低近似,01a10725-5e78-7612-b445-4ca1d1081a4c,2026-06-11,919800.16,911171.05,8629.11,-71695.08,10
策略5_三低近似,01a10725-5e78-7612-b445-4ca1d1081a4c,2026-06-12,927343.78,918714.67,8629.11,-64151.46,10
策略5_三低近似,01a10725-5e78-7612-b445-4ca1d1081a4c,2026-06-15,929275.3,920646.19,8629.11,-62219.94,10
策略5_三低近似,01a10725-5e78-7612-b445-4ca1d1081a4c,2026-06-16,933061.05,924431.94,8629.11,-58434.19,10
策略5_三低近似,01a10725-5e78-7612-b445-4ca1d1081a4c,2026-06-17,927978.66,919349.55,8629.11,-63516.58,10
策略5_三低近似,01a10725-5e78-7612-b445-4ca1d1081a4c,2026-06-18,916277.74,907648.63,8629.11,-75217.5,10
策略5_三低近似,01a10725-5e78-7612-b445-4ca1d1081a4c,2026-06-22,930249.8,921620.69,8629.11,-61245.44,10
策略5_三低近似,01a10725-5e78-7612-b445-4ca1d1081a4c,2026-06-23,920417.29,912594.16,7823.13,-43831.1,15
策略5_三低近似,01a10725-5e78-7612-b445-4ca1d1081a4c,2026-06-24,921725.01,913901.88,7823.13,-42523.38,10
策略5_三低近似,01a10725-5e78-7612-b445-4ca1d1081a4c,2026-06-25,902802.04,894978.91,7823.13,-61446.35,10
策略5_三低近似,01a10725-5e78-7612-b445-4ca1d1081a4c,2026-06-26,894611.51,886788.38,7823.13,-69636.88,10
策略5_三低近似,01a10725-5e78-7612-b445-4ca1d1081a4c,2026-06-29,892778.55,884955.42,7823.13,-71469.84,10
策略5_三低近似,01a10725-5e78-7612-b445-4ca1d1081a4c,2026-06-30,910508.7,902685.57,7823.13,-53739.69,10
策略5_三低近似,01a10725-5e78-7612-b445-4ca1d1081a4c,2026-07-01,907357.34,899534.21,7823.13,-56891.05,10
策略5_三低近似,01a10725-5e78-7612-b445-4ca1d1081a4c,2026-07-02,907873.35,900050.22,7823.13,-56375.04,10
策略5_三低近似,01a10725-5e78-7612-b445-4ca1d1081a4c,2026-07-03,910123.58,902300.45,7823.13,-54124.81,10
策略5_三低近似,01a10725-5e78-7612-b445-4ca1d1081a4c,2026-07-06,903413.95,895590.82,7823.13,-60834.44,10
策略5_三低近似,01a10725-5e78-7612-b445-4ca1d1081a4c,2026-07-07,895359.08,887486.34,7872.74,-53407.91,12
策略5_三低近似,01a10725-5e78-7612-b445-4ca1d1081a4c,2026-07-08,892652.18,884779.44,7872.74,-56114.81,11
策略5_三低近似,01a10725-5e78-7612-b445-4ca1d1081a4c,2026-07-09,894112.32,886239.58,7872.74,-54654.67,11
策略5_三低近似,01a10725-5e78-7612-b445-4ca1d1081a4c,2026-07-10,890892.7,883019.96,7872.74,-57874.29,11
策略5_三低近似,01a10725-5e78-7612-b445-4ca1d1081a4c,2026-07-13,872157.41,864284.67,7872.74,-76609.58,11
策略5_三低近似,01a10725-5e78-7612-b445-4ca1d1081a4c,2026-07-14,890424.24,882551.5,7872.74,-58342.75,11
策略5_三低近似,01a10725-5e78-7612-b445-4ca1d1081a4c,2026-07-15,893393.86,885521.12,7872.74,-55373.13,11
策略5_三低近似,01a10725-5e78-7612-b445-4ca1d1081a4c,2026-07-16,883613.44,875740.7,7872.74,-65153.55,11
策略5_三低近似,01a10725-5e78-7612-b445-4ca1d1081a4c,2026-07-17,876811.12,868938.38,7872.74,-71955.87,11
策略5_三低近似,01a10725-5e78-7612-b445-4ca1d1081a4c,2026-07-20,867750.46,859877.72,7872.74,-81016.53,11
策略5_三低近似,01a10725-5e78-7612-b445-4ca1d1081a4c,2026-07-21,874394.31,866697.12,7697.19,-42385.97,15
策略5_三低近似,01a10725-5e78-7612-b445-4ca1d1081a4c,2026-07-22,869666.03,861968.84,7697.19,-47114.25,10
策略5_三低近似,01a10725-5e78-7612-b445-4ca1d1081a4c,2026-07-23,874328.01,866630.82,7697.19,-42452.27,10
策略5_三低近似,01a10725-5e78-7612-b445-4ca1d1081a4c,2026-07-24,862889.55,855192.36,7697.19,-53890.73,10
策略5_三低近似,01a10725-5e78-7612-b445-4ca1d1081a4c,2026-07-27,869958.25,862261.06,7697.19,-46822.03,10
策略5_三低近似,01a10725-5e78-7612-b445-4ca1d1081a4c,2026-07-28,873188.64,865491.45,7697.19,-43591.64,10
策略5_三低近似,01a10725-5e78-7612-b445-4ca1d1081a4c,2026-07-29,876925.19,869228.0,7697.19,-39855.09,10
策略5_三低近似,01a10725-5e78-7612-b445-4ca1d1081a4c,2026-07-30,876295.85,868598.66,7697.19,-40484.43,10
策略5_三低近似,01a10725-5e78-7612-b445-4ca1d1081a4c,2026-07-31,891229.06,883531.87,7697.19,-25551.22,10
策略5_三低近似,01a10725-5e78-7612-b445-4ca1d1081a4c,2026-08-03,891579.73,883882.54,7697.19,-25200.55,10
策略5_三低近似,01a10725-5e78-7612-b445-4ca1d1081a4c,2026-08-04,899279.47,891436.2,7843.27,-8305.76,12
策略5_三低近似,01a10725-5e78-7612-b445-4ca1d1081a4c,2026-08-05,900472.33,892629.06,7843.27,-7112.9,11
策略5_三低近似,01a10725-5e78-7612-b445-4ca1d1081a4c,2026-08-06,898471.18,890627.91,7843.27,-9114.05,11
策略5_三低近似,01a10725-5e78-7612-b445-4ca1d1081a4c,2026-08-07,894825.52,886982.25,7843.27,-12759.71,11
策略5_三低近似,01a10725-5e78-7612-b445-4ca1d1081a4c,2026-08-10,890661.48,882818.21,7843.27,-16923.75,11
策略5_三低近似,01a10725-5e78-7612-b445-4ca1d1081a4c,2026-08-11,886433.36,878590.09,7843.27,-21151.87,11
策略5_三低近似,01a10725-5e78-7612-b445-4ca1d1081a4c,2026-08-12,888368.02,880524.75,7843.27,-19217.21,11
策略5_三低近似,01a10725-5e78-7612-b445-4ca1d1081a4c,2026-08-13,877936.68,870093.41,7843.27,-29648.55,11
策略5_三低近似,01a10725-5e78-7612-b445-4ca1d1081a4c,2026-08-14,877276.06,869432.79,7843.27,-30309.17,11
策略5_三低近似,01a10725-5e78-7612-b445-4ca1d1081a4c,2026-08-17,879554.76,871711.49,7843.27,-28030.47,11
策略5_三低近似,01a10725-5e78-7612-b445-4ca1d1081a4c,2026-08-18,873972.45,864723.37,9249.08,-26132.29,12
策略5_三低近似,01a10725-5e78-7612-b445-4ca1d1081a4c,2026-08-19,860635.95,851386.87,9249.08,-39468.79,10
策略5_三低近似,01a10725-5e78-7612-b445-4ca1d1081a4c,2026-08-20,871486.71,862237.63,9249.08,-28618.03,10
策略5_三低近似,01a10725-5e78-7612-b445-4ca1d1081a4c,2026-08-21,865106.92,855857.84,9249.08,-34997.82,10
策略5_三低近似,01a10725-5e78-7612-b445-4ca1d1081a4c,2026-08-24,866068.76,856819.68,9249.08,-34035.98,10
策略5_三低近似,01a10725-5e78-7612-b445-4ca1d1081a4c,2026-08-25,892508.45,883259.37,9249.08,-7596.29,10
策略5_三低近似,01a10725-5e78-7612-b445-4ca1d1081a4c,2026-08-26,887770.74,878521.66,9249.08,-12334.0,10
策略5_三低近似,01a10725-5e78-7612-b445-4ca1d1081a4c,2026-08-27,886223.63,876974.55,9249.08,-13881.11,10
策略5_三低近似,01a10725-5e78-7612-b445-4ca1d1081a4c,2026-08-28,881135.14,871886.06,9249.08,-18969.6,10
策略5_三低近似,01a10725-5e78-7612-b445-4ca1d1081a4c,2026-08-31,876324.64,866343.56,9981.08,-24512.1,10
策略5_三低近似,01a10725-5e78-7612-b445-4ca1d1081a4c,2026-09-01,873476.61,866744.54,6732.07,-34943.61,12
策略5_三低近似,01a10725-5e78-7612-b445-4ca1d1081a4c,2026-09-02,870743.3,864011.23,6732.07,-37676.92,10
策略5_三低近似,01a10725-5e78-7612-b445-4ca1d1081a4c,2026-09-03,863610.62,856878.55,6732.07,-44809.6,10
策略5_三低近似,01a10725-5e78-7612-b445-4ca1d1081a4c,2026-09-04,864667.24,857935.17,6732.07,-43752.98,10
策略5_三低近似,01a10725-5e78-7612-b445-4ca1d1081a4c,2026-09-07,864879.28,858147.21,6732.07,-43540.94,10
策略5_三低近似,01a10725-5e78-7612-b445-4ca1d1081a4c,2026-09-08,864976.8,858244.73,6732.07,-43443.42,10
策略5_三低近似,01a10725-5e78-7612-b445-4ca1d1081a4c,2026-09-09,858921.03,852188.96,6732.07,-49499.19,10
策略5_三低近似,01a10725-5e78-7612-b445-4ca1d1081a4c,2026-09-10,854143.02,847410.95,6732.07,-54277.2,10
策略5_三低近似,01a10725-5e78-7612-b445-4ca1d1081a4c,2026-09-11,851350.17,844618.1,6732.07,-57070.05,10
策略5_三低近似,01a10725-5e78-7612-b445-4ca1d1081a4c,2026-09-14,854909.42,848177.35,6732.07,-53510.8,10
策略5_三低近似,01a10725-5e78-7612-b445-4ca1d1081a4c,2026-09-15,851283.99,842433.11,8850.88,-48564.15,12
策略5_三低近似,01a10725-5e78-7612-b445-4ca1d1081a4c,2026-09-16,864361.67,855510.79,8850.88,-35486.47,10
策略5_三低近似,01a10725-5e78-7612-b445-4ca1d1081a4c,2026-09-17,868228.76,859377.88,8850.88,-31619.38,10
策略5_三低近似,01a10725-5e78-7612-b445-4ca1d1081a4c,2026-09-18,866122.93,857272.05,8850.88,-33725.21,10
策略5_三低近似,01a10725-5e78-7612-b445-4ca1d1081a4c,2026-09-21,862372.58,853521.7,8850.88,-37475.56,10
策略5_三低近似,01a10725-5e78-7612-b445-4ca1d1081a4c,2026-09-22,859727.25,850876.37,8850.88,-40120.89,10
策略5_三低近似,01a10725-5e78-7612-b445-4ca1d1081a4c,2026-09-23,858851.27,850000.39,8850.88,-40996.87,10
策略5_三低近似,01a10725-5e78-7612-b445-4ca1d1081a4c,2026-09-24,853983.64,845132.76,8850.88,-45864.5,10
策略5_三低近似,01a10725-5e78-7612-b445-4ca1d1081a4c,2026-09-28,854363.8,844706.52,9657.28,-46290.74,10
策略5_三低近似,01a10725-5e78-7612-b445-4ca1d1081a4c,2026-09-29,853900.94,844243.66,9657.28,-46753.6,10
策略5_三低近似,01a10725-5e78-7612-b445-4ca1d1081a4c,2026-09-30,853183.69,846021.55,7162.14,-47615.01,12
