变动日期,代码,名称,方向(由快照推导),数量变动(张),估算价格,估算金额,当日分红(税后),当日送转
2026-01-05,127042.SZ,嘉美转债,买入(新建仓),330.0,294.294,97117.02,0.0,0.0
2026-01-05,110074.SH,精达转债,买入(新建仓),250.0,395.8855,98971.37,0.0,0.0
2026-01-05,123187.SZ,超达转债,买入(新建仓),640.0,154.4653,98857.8,0.0,0.0
2026-01-05,113045.SH,环旭转债,买入(新建仓),610.0,162.0879,98873.63,0.0,0.0
2026-01-05,123207.SZ,冠中转债,买入(新建仓),440.0,224.224,98658.56,0.0,0.0
2026-01-05,113651.SH,松霖转债,买入(新建仓),360.0,271.9397,97898.28,0.0,0.0
2026-01-05,118029.SH,富淼转债,买入(新建仓),680.0,145.2121,98744.21,0.0,0.0
2026-01-05,123213.SZ,天源转债,买入(新建仓),440.0,223.7235,98438.34,0.0,0.0
2026-01-05,123049.SZ,维尔转债,买入(新建仓),790.0,125.105,98832.93,0.0,0.0
2026-01-05,118043.SH,福立转债,买入(新建仓),550.0,178.7005,98285.29,0.0,0.0
2026-01-19,127039.SZ,北港转债,买入(新建仓),840.0,134.3943,112891.18,0.0,0.0
2026-01-19,123207.SZ,冠中转债,买入(加仓),10.0,224.7801,2247.8,0.0,0.0
2026-01-19,123049.SZ,维尔转债,买入(加仓),90.0,125.3272,11279.45,0.0,0.0
2026-01-19,123128.SZ,首华转债,买入(新建仓),820.0,136.8367,112206.09,0.0,0.0
2026-01-19,110089.SH,兴发转债,买入(新建仓),760.0,148.117,112568.9,0.0,0.0
2026-01-19,113623.SH,凤21转债,买入(新建仓),810.0,137.9959,111776.64,0.0,0.0
2026-01-19,111016.SH,神通转债,买入(新建仓),790.0,142.2451,112373.63,0.0,0.0
2026-01-19,123243.SZ,严牌转债,买入(新建仓),670.0,168.6785,113014.6,0.0,0.0
2026-01-19,127047.SZ,帝欧转债,买入(新建仓),810.0,137.9368,111728.81,0.0,0.0
2026-01-19,113033.SH,利群转债,买入(新建仓),960.0,117.0529,112370.82,0.0,0.0
2026-01-19,123213.SZ,天源转债,卖出(减仓),440.0,263.07,115750.8,0.0,0.0
2026-01-19,110074.SH,精达转债,卖出(减仓),250.0,530.605,132651.25,0.0,0.0
2026-01-19,113045.SH,环旭转债,卖出(减仓),610.0,175.026,106765.86,0.0,0.0
2026-01-19,118029.SH,富淼转债,卖出(减仓),680.0,140.652,95643.36,0.0,0.0
2026-01-19,118043.SH,福立转债,卖出(减仓),550.0,171.563,94359.65,0.0,0.0
2026-01-19,127042.SZ,嘉美转债,卖出(减仓),330.0,343.0,113190.0,0.0,0.0
2026-01-19,113651.SH,松霖转债,卖出(减仓),360.0,334.595,120454.2,0.0,0.0
2026-01-19,123187.SZ,超达转债,卖出(减仓),640.0,179.0,114560.0,0.0,0.0
2026-01-20,123213.SZ,天源转债,卖出(清仓),0.0,260.889,0.0,0,0
2026-01-20,110074.SH,精达转债,卖出(清仓),0.0,551.996,0.0,0,0
2026-01-20,113045.SH,环旭转债,卖出(清仓),0.0,167.708,0.0,0,0
2026-01-20,118029.SH,富淼转债,卖出(清仓),0.0,141.126,0.0,0,0
2026-01-20,118043.SH,福立转债,卖出(清仓),0.0,171.796,0.0,0,0
2026-01-20,127042.SZ,嘉美转债,卖出(清仓),0.0,396.0,0.0,0,0
2026-01-20,113651.SH,松霖转债,卖出(清仓),0.0,315.926,0.0,0,0
2026-01-20,123187.SZ,超达转债,卖出(清仓),0.0,181.475,0.0,0,0
2026-02-02,110095.SH,双良转债,买入(新建仓),700.0,148.6395,104047.64,0.0,0.0
2026-02-02,113676.SH,荣23转债,买入(新建仓),770.0,136.2171,104887.15,0.0,0.0
2026-02-02,128137.SZ,洁美转债,买入(新建仓),740.0,140.6405,104073.97,0.0,0.0
2026-02-02,123243.SZ,严牌转债,卖出(减仓),20.0,164.0,3280.0,0.0,0.0
2026-02-02,118000.SH,嘉元转债,买入(新建仓),800.0,131.3973,105117.81,0.0,0.0
2026-02-02,123221.SZ,力诺转债,买入(新建仓),790.0,132.132,104384.28,0.0,0.0
2026-02-02,123049.SZ,维尔转债,卖出(减仓),60.0,128.0,7680.0,0.0,0.0
2026-02-02,123128.SZ,首华转债,卖出(减仓),30.0,139.564,4186.92,0.0,0.0
2026-02-02,110094.SH,众和转债,买入(新建仓),780.0,134.0819,104583.92,0.0,0.0
2026-02-02,123118.SZ,惠城转债,买入(新建仓),110.0,906.906,99759.66,0.0,0.0
2026-02-02,127039.SZ,北港转债,卖出(减仓),840.0,133.3,111972.0,0.0,0.0
2026-02-02,110089.SH,兴发转债,卖出(减仓),760.0,142.756,108494.56,0.0,0.0
2026-02-02,127047.SZ,帝欧转债,卖出(减仓),810.0,136.799,110807.19,0.0,0.0
2026-02-02,123207.SZ,冠中转债,卖出(减仓),450.0,213.0,95850.0,0.0,0.0
2026-02-02,113623.SH,凤21转债,卖出(减仓),810.0,132.638,107436.78,0.0,0.0
2026-02-02,113033.SH,利群转债,卖出(减仓),960.0,114.714,110125.44,0.0,0.0
2026-02-02,111016.SH,神通转债,卖出(减仓),790.0,123.967,97933.93,0.0,0.0
2026-02-03,127039.SZ,北港转债,卖出(清仓),0.0,129.77,0.0,0,0
2026-02-03,110089.SH,兴发转债,卖出(清仓),0.0,129.209,0.0,0,0
2026-02-03,127047.SZ,帝欧转债,卖出(清仓),0.0,135.0,0.0,0,0
2026-02-03,123207.SZ,冠中转债,卖出(清仓),0.0,203.877,0.0,0,0
2026-02-03,113623.SH,凤21转债,卖出(清仓),0.0,132.555,0.0,0,0
2026-02-03,113033.SH,利群转债,卖出(清仓),0.0,112.396,0.0,0,0
2026-02-03,111016.SH,神通转债,卖出(清仓),0.0,119.486,0.0,0,0
2026-02-24,111019.SH,宏柏转债,买入(新建仓),760.0,153.6425,116768.29,0.0,0.0
2026-02-24,123146.SZ,中环转2,买入(新建仓),820.0,141.7516,116236.32,0.0,0.0
2026-02-24,123049.SZ,维尔转债,买入(加仓),40.0,125.707,5028.28,0.0,0.0
2026-02-24,123207.SZ,冠中转债,买入(新建仓),570.0,203.6805,116097.87,0.0,0.0
2026-02-24,127022.SZ,恒逸转债,买入(新建仓),830.0,139.8397,116066.95,0.0,0.0
2026-02-24,127047.SZ,帝欧转债,买入(新建仓),890.0,130.2882,115956.46,0.0,0.0
2026-02-24,118050.SH,航宇转债,买入(新建仓),370.0,307.9536,113942.85,0.0,0.0
2026-02-24,127075.SZ,百川转2,买入(新建仓),590.0,197.4973,116523.41,0.0,0.0
2026-02-24,118008.SH,海优转债,买入(新建仓),860.0,135.0819,116170.47,0.0,0.0
2026-02-24,123178.SZ,花园转债,买入(新建仓),880.0,132.8337,116893.66,0.0,0.0
2026-02-24,128137.SZ,洁美转债,卖出(减仓),740.0,179.301,132682.74,0.0,0.0
2026-02-24,118000.SH,XD嘉元转,卖出(减仓),800.0,131.967,105573.6,1600.0,0.0
2026-02-24,123243.SZ,严牌转债,卖出(减仓),650.0,211.9,137735.0,0.0,0.0
2026-02-24,123221.SZ,力诺转债,卖出(减仓),790.0,120.888,95501.52,0.0,0.0
2026-02-24,123118.SZ,惠城转债,卖出(减仓),110.0,995.0,109450.0,0.0,0.0
2026-02-24,110095.SH,双良转债,卖出(减仓),700.0,146.418,102492.6,0.0,0.0
2026-02-24,123128.SZ,首华转债,卖出(减仓),790.0,138.0,109020.0,0.0,0.0
2026-02-24,113676.SH,荣23转债,卖出(减仓),770.0,138.199,106413.23,0.0,0.0
2026-02-24,110094.SH,众和转债,卖出(减仓),780.0,129.4,100932.0,0.0,0.0
2026-02-25,128137.SZ,洁美转债,卖出(清仓),0.0,200.095,0.0,0,0
2026-02-25,118000.SH,XD嘉元转,卖出(清仓),0.0,130.626,0.0,0,0
2026-02-25,123243.SZ,严牌转债,卖出(清仓),0.0,211.55,0.0,0,0
2026-02-25,123221.SZ,力诺转债,卖出(清仓),0.0,125.505,0.0,0,0
2026-02-25,123118.SZ,惠城转债,卖出(清仓),0.0,991.589,0.0,0,0
2026-02-25,110095.SH,双良转债,卖出(清仓),0.0,172.567,0.0,0,0
2026-02-25,123128.SZ,首华转债,卖出(清仓),0.0,148.5,0.0,0,0
2026-02-25,113676.SH,荣23转债,卖出(清仓),0.0,136.398,0.0,0,0
2026-02-25,110094.SH,众和转债,卖出(清仓),0.0,133.408,0.0,0,0
2026-03-10,118055.SH,伟测转债,买入(新建仓),480.0,245.0027,117601.32,0.0,0.0
2026-03-10,118049.SH,汇成转债,买入(新建仓),550.0,216.4833,119065.8,0.0,0.0
2026-03-10,123188.SZ,水羊转债,买入(新建仓),730.0,162.3632,118525.14,0.0,0.0
2026-03-10,118034.SH,晶能转债,买入(新建仓),900.0,131.134,118020.6,0.0,0.0
2026-03-10,113653.SH,永22转债,买入(新建仓),890.0,133.5714,118878.58,0.0,0.0
2026-03-10,123246.SZ,远信转债,买入(新建仓),770.0,153.8977,118501.26,0.0,0.0
2026-03-10,123197.SZ,光力转债,买入(新建仓),730.0,161.9618,118232.11,0.0,0.0
2026-03-10,118030.SH,睿创转债,买入(新建仓),410.0,289.1529,118552.67,0.0,0.0
2026-03-10,118006.SH,阿拉转债,买入(新建仓),810.0,146.2211,118439.07,0.0,0.0
2026-03-10,127094.SZ,红墙转债,买入(新建仓),880.0,135.0249,118821.9,0.0,0.0
2026-03-10,111019.SH,宏柏转债,卖出(减仓),760.0,184.46,140189.6,0.0,0.0
2026-03-10,127022.SZ,恒逸转债,卖出(减仓),830.0,137.201,113876.83,0.0,0.0
2026-03-10,123049.SZ,维尔转债,卖出(减仓),860.0,126.969,109193.34,0.0,0.0
2026-03-10,123146.SZ,中环转2,卖出(减仓),820.0,130.096,106678.72,0.0,0.0
2026-03-10,118008.SH,海优转债,卖出(减仓),860.0,112.321,96596.06,0.0,0.0
2026-03-10,127075.SZ,百川转2,卖出(减仓),590.0,172.804,101954.36,0.0,0.0
2026-03-10,123178.SZ,花园转债,卖出(减仓),880.0,136.5,120120.0,0.0,0.0
2026-03-10,123207.SZ,冠中转债,卖出(减仓),570.0,216.2,123234.0,0.0,0.0
2026-03-10,127047.SZ,帝欧转债,卖出(减仓),890.0,134.95,120105.5,0.0,0.0
2026-03-10,118050.SH,航宇转债,卖出(减仓),370.0,371.092,137304.04,0.0,0.0
2026-03-11,111019.SH,宏柏转债,卖出(清仓),0.0,191.895,0.0,0,0
2026-03-11,127022.SZ,恒逸转债,卖出(清仓),0.0,130.05,0.0,0,0
2026-03-11,123049.SZ,维尔转债,卖出(清仓),0.0,127.804,0.0,0,0
2026-03-11,123146.SZ,中环转2,卖出(清仓),0.0,129.9,0.0,0,0
2026-03-11,118008.SH,海优转债,卖出(清仓),0.0,115.068,0.0,0,0
2026-03-11,127075.SZ,百川转2,卖出(清仓),0.0,182.833,0.0,0,0
2026-03-11,123178.SZ,花园转债,卖出(清仓),0.0,139.0,0.0,0,0
2026-03-11,123207.SZ,冠中转债,卖出(清仓),0.0,218.6,0.0,0,0
2026-03-11,127047.SZ,帝欧转债,卖出(清仓),0.0,136.999,0.0,0,0
2026-03-11,118050.SH,航宇转债,卖出(清仓),0.0,369.264,0.0,0,0
2026-03-24,123149.SZ,通裕转债,买入(新建仓),720.0,146.9768,105823.32,0.0,0.0
2026-03-24,113051.SH,节能转债,买入(新建仓),710.0,148.4944,105430.99,0.0,0.0
2026-03-24,118038.SH,金宏转债,买入(新建仓),660.0,159.5264,105287.4,0.0,0.0
2026-03-24,123243.SZ,严牌转债,买入(新建仓),500.0,211.7115,105855.75,0.0,0.0
2026-03-24,118030.SH,睿创转债,卖出(减仓),10.0,253.916,2539.16,0.0,0.0
2026-03-24,123092.SZ,天壕转债,买入(新建仓),740.0,141.9398,105035.45,0.0,0.0
2026-03-24,118034.SH,晶能转债,卖出(减仓),70.0,124.854,8739.78,0.0,0.0
2026-03-24,128141.SZ,旺能转债,买入(新建仓),790.0,133.6235,105562.56,0.0,0.0
2026-03-24,123059.SZ,银信转债,买入(新建仓),730.0,145.145,105955.85,0.0,0.0
2026-03-24,110087.SH,天业转债,买入(新建仓),760.0,138.5804,105321.14,0.0,0.0
2026-03-24,123246.SZ,远信转债,卖出(减仓),770.0,145.7,112189.0,0.0,0.0
2026-03-24,123197.SZ,光力转债,卖出(减仓),730.0,124.73,91052.9,0.0,0.0
2026-03-24,118006.SH,阿拉转债,卖出(减仓),810.0,132.681,107471.61,0.0,0.0
2026-03-24,113653.SH,永22转债,卖出(减仓),890.0,105.197,93625.33,0.0,0.0
2026-03-24,123188.SZ,水羊转债,卖出(减仓),730.0,158.724,115868.52,0.0,0.0
2026-03-24,118049.SH,汇成转债,卖出(减仓),550.0,180.592,99325.6,0.0,0.0
2026-03-24,127094.SZ,红墙转债,卖出(减仓),880.0,108.108,95135.04,0.0,0.0
2026-03-24,118055.SH,伟测转债,卖出(减仓),480.0,206.015,98887.2,0.0,0.0
2026-03-25,123246.SZ,远信转债,卖出(清仓),0.0,154.125,0.0,0,0
2026-03-25,123197.SZ,光力转债,卖出(清仓),0.0,130.3,0.0,0,0
2026-03-25,118006.SH,阿拉转债,卖出(清仓),0.0,136.474,0.0,0,0
2026-03-25,113653.SH,永22转债,卖出(清仓),0.0,106.114,0.0,0,0
2026-03-25,123188.SZ,水羊转债,卖出(清仓),0.0,163.793,0.0,0,0
2026-03-25,118049.SH,汇成转债,卖出(清仓),0.0,185.277,0.0,0,0
2026-03-25,127094.SZ,红墙转债,卖出(清仓),0.0,110.099,0.0,0,0
2026-03-25,118055.SH,伟测转债,卖出(清仓),0.0,197.923,0.0,0,0
2026-04-08,111013.SH,新港转债,买入(新建仓),590.0,174.9137,103199.11,0.0,0.0
2026-04-08,123118.SZ,惠城转债,买入(新建仓),120.0,839.0062,100680.74,0.0,0.0
2026-04-08,118003.SH,华兴转债,买入(新建仓),670.0,153.108,102582.33,0.0,0.0
2026-04-08,111000.SH,起帆转债,买入(新建仓),740.0,139.9338,103551.01,0.0,0.0
2026-04-08,123085.SZ,万顺转2,买入(新建仓),730.0,141.6415,103398.3,0.0,0.0
2026-04-08,113640.SH,苏利转债,买入(新建仓),730.0,141.5444,103327.41,0.0,0.0
2026-04-08,123256.SZ,恒帅转债,买入(新建仓),500.0,206.6444,103322.22,0.0,0.0
2026-04-08,123243.SZ,严牌转债,卖出(减仓),40.0,217.0,8680.0,0.0,0.0
2026-04-08,123187.SZ,超达转债,买入(新建仓),510.0,203.6334,103853.05,0.0,0.0
2026-04-08,123236.SZ,家联转债,买入(新建仓),650.0,159.6595,103778.68,0.0,0.0
2026-04-08,113051.SH,节能转债,卖出(减仓),710.0,137.069,97318.99,0.0,0.0
2026-04-08,123149.SZ,通裕转债,卖出(减仓),720.0,132.959,95730.48,0.0,0.0
2026-04-08,128141.SZ,旺能转债,卖出(减仓),790.0,131.08,103553.2,0.0,0.0
2026-04-08,118034.SH,晶能转债,卖出(减仓),830.0,124.339,103201.37,0.0,0.0
2026-04-08,123059.SZ,银信转债,卖出(减仓),730.0,131.682,96127.86,0.0,0.0
2026-04-08,110087.SH,天业转债,卖出(减仓),760.0,132.835,100954.6,0.0,0.0
2026-04-08,118038.SH,金宏转债,卖出(减仓),660.0,154.577,102020.82,0.0,0.0
2026-04-08,123092.SZ,天壕转债,卖出(减仓),740.0,136.231,100810.94,0.0,0.0
2026-04-08,118030.SH,睿创转债,卖出(减仓),400.0,255.492,102196.8,0.0,0.0
2026-04-09,113051.SH,节能转债,卖出(清仓),0.0,143.204,0.0,0,0
2026-04-09,123149.SZ,通裕转债,卖出(清仓),0.0,136.301,0.0,0,0
2026-04-09,128141.SZ,旺能转债,卖出(清仓),0.0,133.606,0.0,0,0
2026-04-09,118034.SH,晶能转债,卖出(清仓),0.0,127.294,0.0,0,0
2026-04-09,123059.SZ,银信转债,卖出(清仓),0.0,139.626,0.0,0,0
2026-04-09,110087.SH,天业转债,卖出(清仓),0.0,134.28,0.0,0,0
2026-04-09,118038.SH,金宏转债,卖出(清仓),0.0,145.759,0.0,0,0
2026-04-09,123092.SZ,天壕转债,卖出(清仓),0.0,136.26,0.0,0,0
2026-04-09,118030.SH,睿创转债,卖出(清仓),0.0,277.55,0.0,0,0
2026-04-22,128141.SZ,旺能转债,买入(新建仓),810.0,134.5344,108972.86,0.0,0.0
2026-04-22,123187.SZ,超达转债,卖出(减仓),80.0,246.066,19685.28,0.0,0.0
2026-04-22,113640.SH,苏利转债,买入(加仓),70.0,141.2215,9885.5,0.0,0.0
2026-04-22,127024.SZ,盈峰转债,买入(新建仓),610.0,178.7786,109054.95,0.0,0.0
2026-04-22,127047.SZ,帝欧转债,买入(新建仓),800.0,137.4373,109949.84,0.0,0.0
2026-04-22,113048.SH,晶科转债,买入(新建仓),740.0,147.4093,109082.85,0.0,0.0
2026-04-22,123126.SZ,瑞丰转债,买入(新建仓),720.0,151.3192,108949.8,0.0,0.0
2026-04-22,123241.SZ,欧通转债,买入(新建仓),120.0,878.878,105465.36,0.0,0.0
2026-04-22,123243.SZ,严牌转债,买入(加仓),10.0,211.2103,2112.1,0.0,0.0
2026-04-22,123054.SZ,思特转债,买入(新建仓),790.0,138.9458,109767.19,0.0,0.0
2026-04-22,118003.SH,华兴转债,卖出(减仓),670.0,170.783,114424.61,0.0,0.0
2026-04-22,111013.SH,新港转债,卖出(减仓),590.0,160.102,94460.18,0.0,0.0
2026-04-22,123236.SZ,家联转债,卖出(减仓),650.0,139.6,90740.0,0.0,0.0
2026-04-22,123256.SZ,恒帅转债,卖出(减仓),500.0,210.244,105122.0,0.0,0.0
2026-04-22,123118.SZ,惠城转债,卖出(减仓),120.0,703.474,84416.88,0.0,0.0
2026-04-22,123085.SZ,万顺转2,卖出(减仓),730.0,144.634,105582.82,0.0,0.0
2026-04-22,111000.SH,起帆转债,卖出(减仓),740.0,201.554,149149.96,0.0,0.0
2026-04-23,118003.SH,华兴转债,卖出(清仓),0.0,189.467,0.0,0,0
2026-04-23,111013.SH,新港转债,卖出(清仓),0.0,155.44,0.0,0,0
2026-04-23,123236.SZ,家联转债,卖出(清仓),0.0,138.96,0.0,0,0
2026-04-23,123256.SZ,恒帅转债,卖出(清仓),0.0,208.188,0.0,0,0
2026-04-23,123118.SZ,惠城转债,卖出(清仓),0.0,684.05,0.0,0,0
2026-04-23,123085.SZ,万顺转2,卖出(清仓),0.0,147.6,0.0,0,0
2026-04-23,111000.SH,起帆转债,卖出(清仓),0.0,211.831,0.0,0,0
2026-05-11,118033.SH,华特转债,买入(新建仓),540.0,220.1129,118860.96,0.0,0.0
2026-05-11,127041.SZ,弘亚转债,买入(新建仓),910.0,130.092,118383.69,0.0,0.0
2026-05-11,123225.SZ,翔丰转债,买入(新建仓),780.0,151.8247,118423.24,0.0,0.0
2026-05-11,123243.SZ,严牌转债,买入(加仓),30.0,212.6588,6379.76,0.0,0.0
2026-05-11,118057.SH,甬矽转债,买入(新建仓),640.0,184.2421,117914.92,0.0,0.0
2026-05-11,128121.SZ,宏川转债,买入(新建仓),910.0,130.9328,119148.85,0.0,0.0
2026-05-11,123207.SZ,冠中转债,买入(新建仓),520.0,226.6264,117845.73,0.0,0.0
2026-05-11,111010.SH,立昂转债,买入(新建仓),780.0,153.1991,119495.26,0.0,0.0
2026-05-11,123061.SZ,航新转债,买入(新建仓),860.0,137.9388,118627.37,0.0,0.0
2026-05-11,127026.SZ,超声转债,买入(新建仓),800.0,148.2471,118597.68,0.0,0.0
2026-05-11,127047.SZ,帝欧转债,卖出(减仓),800.0,168.8,135040.0,0.0,0.0
2026-05-11,128141.SZ,旺能转债,卖出(减仓),810.0,131.28,106336.8,0.0,0.0
2026-05-11,123187.SZ,超达转债,卖出(减仓),430.0,270.8,116444.0,0.0,0.0
2026-05-11,127024.SZ,盈峰转债,卖出(减仓),610.0,211.5,129015.0,0.0,0.0
2026-05-11,123241.SZ,欧通转债,卖出(减仓),120.0,1019.5,122340.0,0.0,0.0
2026-05-11,113640.SH,苏利转债,卖出(减仓),800.0,138.023,110418.4,0.0,0.0
2026-05-11,123054.SZ,思特转债,卖出(减仓),790.0,139.2,109968.0,0.0,0.0
2026-05-11,123126.SZ,瑞丰转债,卖出(减仓),720.0,157.0,113040.0,0.0,0.0
2026-05-11,113048.SH,晶科转债,卖出(减仓),740.0,179.978,133183.72,0.0,0.0
2026-05-12,127047.SZ,帝欧转债,卖出(清仓),0.0,180.9,0.0,0,0
2026-05-12,128141.SZ,旺能转债,卖出(清仓),0.0,134.6,0.0,0,0
2026-05-12,123187.SZ,超达转债,卖出(清仓),0.0,271.99,0.0,0,0
2026-05-12,127024.SZ,盈峰转债,卖出(清仓),0.0,192.55,0.0,0,0
2026-05-12,123241.SZ,欧通转债,卖出(清仓),0.0,1008.06,0.0,0,0
2026-05-12,113640.SH,苏利转债,卖出(清仓),0.0,137.89,0.0,0,0
2026-05-12,123054.SZ,思特转债,卖出(清仓),0.0,136.18,0.0,0,0
2026-05-12,123126.SZ,瑞丰转债,卖出(清仓),0.0,153.03,0.0,0,0
2026-05-12,113048.SH,晶科转债,卖出(清仓),0.0,180.349,0.0,0,0
2026-05-25,123207.SZ,冠中转债,卖出(减仓),70.0,254.5,17815.0,0.0,0.0
2026-05-25,113644.SH,艾迪转债,买入(新建仓),910.0,136.5334,124245.39,0.0,0.0
2026-05-25,111010.SH,立昂转债,卖出(减仓),10.0,155.15,1551.5,0.0,0.0
2026-05-25,123198.SZ,金埔转债,买入(新建仓),900.0,139.173,125255.73,0.0,0.0
2026-05-25,118018.SH,瑞科转债,买入(新建仓),660.0,190.0098,125406.48,0.0,0.0
2026-05-25,110074.SH,精达转债,买入(新建仓),270.0,462.6131,124905.55,0.0,0.0
2026-05-25,110084.SH,贵燃转债,买入(新建仓),890.0,140.177,124757.56,0.0,0.0
2026-05-25,118016.SH,京源转债,买入(新建仓),650.0,191.4523,124443.97,0.0,0.0
2026-05-25,123188.SZ,水羊转债,买入(新建仓),640.0,194.6905,124601.92,0.0,0.0
2026-05-25,127026.SZ,超声转债,卖出(减仓),800.0,135.226,108180.8,0.0,0.0
2026-05-25,118057.SH,甬矽转债,卖出(减仓),640.0,199.53,127699.2,0.0,0.0
2026-05-25,128121.SZ,宏川转债,卖出(减仓),910.0,118.86,108162.6,0.0,0.0
2026-05-25,118033.SH,华特转债,卖出(减仓),540.0,202.105,109136.7,0.0,0.0
2026-05-25,127041.SZ,弘亚转债,卖出(减仓),910.0,121.845,110878.95,0.0,0.0
2026-05-25,123225.SZ,翔丰转债,卖出(减仓),780.0,157.0,122460.0,0.0,0.0
2026-05-25,123243.SZ,严牌转债,卖出(减仓),500.0,287.551,143775.5,0.0,0.0
2026-05-26,127026.SZ,超声转债,卖出(清仓),0.0,133.8,0.0,0,0
2026-05-26,118057.SH,甬矽转债,卖出(清仓),0.0,239.436,0.0,0,0
2026-05-26,128121.SZ,宏川转债,卖出(清仓),0.0,117.1,0.0,0,0
2026-05-26,118033.SH,华特转债,卖出(清仓),0.0,189.85,0.0,0,0
2026-05-26,127041.SZ,弘亚转债,卖出(清仓),0.0,120.0,0.0,0,0
2026-05-26,123225.SZ,翔丰转债,卖出(清仓),0.0,152.817,0.0,0,0
2026-05-26,123243.SZ,严牌转债,卖出(清仓),0.0,305.5,0.0,0,0
2026-06-08,110074.SH,精达转债,买入(加仓),50.0,445.3498,22267.49,0.0,0.0
2026-06-08,123207.SZ,冠中转债,卖出(减仓),50.0,296.2,14810.0,0.0,0.0
2026-06-08,113056.SH,重银转债,买入(新建仓),880.0,130.0609,114453.62,0.0,0.0
2026-06-08,127096.SZ,泰坦转债,买入(新建仓),200.0,572.2877,114457.54,0.0,0.0
2026-06-08,113667.SH,春23转债,买入(新建仓),400.0,282.3621,112944.83,0.0,0.0
2026-06-08,123188.SZ,水羊转债,买入(加仓),20.0,194.0703,3881.41,0.0,0.0
2026-06-08,127079.SZ,华亚转债,买入(新建仓),510.0,224.224,114354.24,0.0,0.0
2026-06-08,113632.SH,鹤21转债,买入(新建仓),810.0,141.2691,114427.99,0.0,0.0
2026-06-08,123245.SZ,集智转债,买入(新建仓),300.0,371.4731,111441.93,0.0,0.0
2026-06-08,118016.SH,京源转债,卖出(减仓),50.0,194.211,9710.55,0.0,0.0
2026-06-08,118018.SH,瑞科转债,卖出(减仓),660.0,141.817,93599.22,0.0,0.0
2026-06-08,113644.SH,艾迪转债,卖出(减仓),910.0,123.991,112831.81,0.0,0.0
2026-06-08,123061.SZ,航新转债,卖出(减仓),860.0,134.179,115393.94,0.0,0.0
2026-06-08,111010.SH,立昂转债,卖出(减仓),770.0,198.704,153002.08,0.0,0.0
2026-06-08,110084.SH,贵燃转债,卖出(减仓),890.0,132.11,117577.9,0.0,0.0
2026-06-08,123198.SZ,XD金埔转,卖出(减仓),900.0,113.9,102510.0,864.000000000002,0.0
2026-06-09,118018.SH,瑞科转债,卖出(清仓),0.0,148.789,0.0,0,0
2026-06-09,113644.SH,艾迪转债,卖出(清仓),0.0,125.791,0.0,0,0
2026-06-09,123061.SZ,航新转债,卖出(清仓),0.0,129.155,0.0,0,0
2026-06-09,111010.SH,立昂转债,卖出(清仓),0.0,192.375,0.0,0,0
2026-06-09,110084.SH,贵燃转债,卖出(清仓),0.0,131.686,0.0,0,0
2026-06-09,123198.SZ,XD金埔转,卖出(清仓),0.0,108.049,0.0,0,0
2026-06-23,113632.SH,鹤21转债,买入(加仓),110.0,140.1654,15418.19,0.0,0.0
2026-06-23,123178.SZ,花园转债,买入(新建仓),780.0,156.5254,122089.79,0.0,0.0
2026-06-23,110074.SH,精达转债,买入(加仓),50.0,429.1852,21459.26,0.0,0.0
2026-06-23,113624.SH,正川转债,买入(新建仓),850.0,143.2901,121796.62,0.0,0.0
2026-06-23,123188.SZ,水羊转债,买入(加仓),80.0,190.8371,15266.97,0.0,0.0
2026-06-23,110077.SH,洪城转债,买入(新建仓),620.0,194.5273,120606.95,0.0,0.0
2026-06-23,123251.SZ,华医转债,买入(新建仓),420.0,287.7875,120870.75,0.0,0.0
2026-06-23,113681.SH,镇洋转债,买入(新建仓),930.0,131.0519,121878.29,0.0,0.0
2026-06-23,118016.SH,京源转债,卖出(减仓),50.0,222.07,11103.5,0.0,0.0
2026-06-23,123207.SZ,冠中转债,买入(加仓),100.0,217.8029,21780.29,0.0,0.0
2026-06-23,113056.SH,重银转债,卖出(减仓),880.0,128.601,113168.88,0.0,0.0
2026-06-23,113667.SH,春23转债,卖出(减仓),400.0,333.438,133375.2,0.0,0.0
2026-06-23,123245.SZ,集智转债,卖出(减仓),300.0,458.001,137400.3,0.0,0.0
2026-06-23,127096.SZ,泰坦转债,卖出(减仓),200.0,761.26,152252.0,0.0,0.0
2026-06-23,127079.SZ,华亚转债,卖出(减仓),510.0,271.0,138210.0,0.0,0.0
2026-06-24,113056.SH,重银转债,卖出(清仓),0.0,128.494,0.0,0,0
2026-06-24,113667.SH,春23转债,卖出(清仓),0.0,317.099,0.0,0,0
2026-06-24,123245.SZ,集智转债,卖出(清仓),0.0,467.0,0.0,0,0
2026-06-24,127096.SZ,泰坦转债,卖出(清仓),0.0,730.598,0.0,0,0
2026-06-24,127079.SZ,华亚转债,卖出(清仓),0.0,259.593,0.0,0,0
2026-07-07,113624.SH,正川转债,卖出(减仓),20.0,138.54,2770.8,0.0,0.0
2026-07-07,113658.SH,密卫转债,买入(新建仓),780.0,145.3292,113356.76,0.0,0.0
2026-07-07,123188.SZ,水羊转债,买入(加仓),10.0,190.3158,1903.16,0.0,0.0
2026-07-07,110077.SH,洪城转债,卖出(减仓),70.0,204.589,14321.23,0.0,0.0
2026-07-07,123178.SZ,花园转债,买入(加仓),40.0,155.6773,6227.09,0.0,0.0
2026-07-07,123213.SZ,天源转债,买入(新建仓),390.0,291.2279,113578.9,0.0,0.0
2026-07-07,118053.SH,正帆转债,买入(新建仓),530.0,214.8767,113884.63,0.0,0.0
2026-07-07,123245.SZ,集智转债,买入(新建仓),260.0,433.3309,112666.03,0.0,0.0
2026-07-07,123207.SZ,冠中转债,卖出(减仓),40.0,247.395,9895.8,0.0,0.0
2026-07-07,113039.SH,嘉泽转债,买入(新建仓),750.0,152.8117,114608.74,0.0,0.0
2026-07-07,113632.SH,鹤21转债,卖出(减仓),920.0,128.119,117869.48,0.0,0.0
2026-07-07,113681.SH,镇洋转债,卖出(减仓),930.0,137.706,128066.58,0.0,0.0
2026-07-07,123251.SZ,华医转债,卖出(减仓),420.0,290.019,121807.98,0.0,0.0
2026-07-07,118016.SH,京源转债,卖出(减仓),550.0,175.206,96363.3,0.0,0.0
2026-07-07,110074.SH,精达转债,卖出(减仓),370.0,286.297,105929.89,0.0,0.0
2026-07-08,113632.SH,鹤21转债,卖出(清仓),0.0,124.355,0.0,0,0
2026-07-08,113681.SH,镇洋转债,卖出(清仓),0.0,137.518,0.0,0,0
2026-07-08,123251.SZ,华医转债,卖出(清仓),0.0,275.231,0.0,0,0
2026-07-08,118016.SH,京源转债,卖出(清仓),0.0,168.507,0.0,0,0
2026-07-08,110074.SH,精达转债,卖出(清仓),0.0,271.31,0.0,0,0
2026-07-21,110077.SH,洪城转债,卖出(减仓),80.0,212.303,16984.24,0.0,0.0
2026-07-21,128134.SZ,鸿路转债,买入(新建仓),790.0,126.7636,100143.27,0.0,0.0
2026-07-21,127067.SZ,XD恒逸转2,买入(新建仓),690.0,144.4323,99658.28,0.0,0.0
2026-07-21,127061.SZ,美锦转债,买入(新建仓),930.0,107.3973,99879.48,0.0,0.0
2026-07-21,113042.SH,上银转债,买入(新建仓),850.0,117.4033,99792.79,0.0,0.0
2026-07-21,113605.SH,大参转债,买入(新建仓),830.0,121.077,100493.87,0.0,0.0
2026-07-21,113056.SH,重银转债,买入(新建仓),780.0,128.5014,100231.07,0.0,0.0
2026-07-21,113062.SH,常银转债,买入(新建仓),770.0,130.165,100227.08,0.0,0.0
2026-07-21,113667.SH,春23转债,买入(新建仓),440.0,226.5133,99665.85,0.0,0.0
2026-07-21,127080.SZ,声迅转债,买入(新建仓),430.0,233.27,100306.12,0.0,0.0
2026-07-21,113624.SH,正川转债,卖出(减仓),830.0,112.145,93080.35,0.0,0.0
2026-07-21,123207.SZ,XD冠中转,卖出(减仓),460.0,199.739,91879.94,404.7999999999979,0.0
2026-07-21,123245.SZ,集智转债,卖出(减仓),260.0,332.438,86433.88,0.0,0.0
2026-07-21,113658.SH,密卫转债,卖出(减仓),780.0,114.296,89150.88,0.0,0.0
2026-07-21,123188.SZ,水羊转债,卖出(减仓),750.0,118.773,89079.75,0.0,0.0
2026-07-21,123178.SZ,花园转债,卖出(减仓),820.0,136.81,112184.2,0.0,0.0
2026-07-21,113039.SH,嘉泽转债,卖出(减仓),750.0,152.719,114539.25,0.0,0.0
2026-07-21,123213.SZ,天源转债,卖出(减仓),390.0,245.0,95550.0,0.0,0.0
2026-07-21,118053.SH,正帆转债,卖出(减仓),530.0,117.948,62512.44,0.0,0.0
2026-07-22,113624.SH,正川转债,卖出(清仓),0.0,115.657,0.0,0,0
2026-07-22,123207.SZ,XD冠中转,卖出(清仓),0.0,209.8,0.0,0,0
2026-07-22,123245.SZ,集智转债,卖出(清仓),0.0,347.5,0.0,0,0
2026-07-22,113658.SH,密卫转债,卖出(清仓),0.0,120.507,0.0,0,0
2026-07-22,123188.SZ,水羊转债,卖出(清仓),0.0,121.2,0.0,0,0
2026-07-22,123178.SZ,花园转债,卖出(清仓),0.0,138.444,0.0,0,0
2026-07-22,113039.SH,嘉泽转债,卖出(清仓),0.0,152.186,0.0,0,0
2026-07-22,123213.SZ,天源转债,卖出(清仓),0.0,280.294,0.0,0,0
2026-07-22,118053.SH,正帆转债,卖出(清仓),0.0,141.538,0.0,0,0
2026-08-04,127067.SZ,恒逸转2,卖出(减仓),50.0,157.083,7854.15,0.0,0.0
2026-08-04,113667.SH,春23转债,买入(加仓),100.0,218.2636,21826.36,0.0,0.0
2026-08-04,127061.SZ,美锦转债,卖出(减仓),30.0,110.98,3329.4,0.0,0.0
2026-08-04,113042.SH,上银转债,卖出(减仓),20.0,119.612,2392.24,0.0,0.0
2026-08-04,128134.SZ,鸿路转债,买入(加仓),60.0,126.0036,7560.21,0.0,0.0
2026-08-04,113605.SH,大参转债,买入(加仓),20.0,120.9746,2419.49,0.0,0.0
2026-08-04,113056.SH,重银转债,卖出(减仓),10.0,129.303,1293.03,0.0,0.0
2026-08-04,113697.SH,应流转债,买入(新建仓),620.0,159.7236,99028.61,0.0,0.0
2026-08-04,113062.SH,常银转债,卖出(减仓),10.0,130.338,1303.38,0.0,0.0
2026-08-04,127080.SZ,声迅转债,卖出(减仓),430.0,255.492,109861.56,0.0,0.0
2026-08-05,127080.SZ,声迅转债,卖出(清仓),0.0,266.699,0.0,0,0
2026-08-18,123112.SZ,万讯转债,买入(新建仓),700.0,143.5654,100495.8,0.0,0.0
2026-08-18,110077.SH,洪城转债,买入(加仓),20.0,190.5832,3811.66,0.0,0.0
2026-08-18,128134.SZ,鸿路转债,买入(加仓),10.0,125.9028,1259.03,0.0,0.0
2026-08-18,113042.SH,上银转债,买入(加仓),30.0,117.3768,3521.3,0.0,0.0
2026-08-18,127061.SZ,美锦转债,买入(加仓),20.0,107.3408,2146.82,0.0,0.0
2026-08-18,113605.SH,大参转债,买入(加仓),30.0,120.7555,3622.67,0.0,0.0
2026-08-18,113056.SH,重银转债,买入(加仓),20.0,128.4725,2569.45,0.0,0.0
2026-08-18,127080.SZ,声迅转债,买入(新建仓),350.0,282.5222,98882.78,0.0,0.0
2026-08-18,113615.SH,金诚转债,买入(新建仓),130.0,763.0272,99193.54,0.0,0.0
2026-08-18,113062.SH,常银转债,买入(加仓),20.0,130.1384,2602.77,0.0,0.0
2026-08-18,127067.SZ,恒逸转2,卖出(减仓),640.0,163.025,104336.0,0.0,0.0
2026-08-18,113667.SH,春23转债,卖出(减仓),540.0,210.976,113927.04,0.0,0.0
2026-08-18,113697.SH,应流转债,卖出(减仓),620.0,168.484,104460.08,0.0,0.0
2026-08-19,127067.SZ,恒逸转2,卖出(清仓),0.0,169.288,0.0,0,0
2026-08-19,113667.SH,春23转债,卖出(清仓),0.0,202.727,0.0,0,0
2026-08-19,113697.SH,应流转债,卖出(清仓),0.0,164.847,0.0,0,0
2026-09-01,127061.SZ,美锦转债,卖出(减仓),30.0,114.26,3427.8,0.0,0.0
2026-09-01,110077.SH,洪城转债,买入(加仓),10.0,190.8549,1908.55,0.0,0.0
2026-09-01,123243.SZ,严牌转债,买入(新建仓),450.0,225.7005,101565.21,0.0,0.0
2026-09-01,113056.SH,重银转债,买入(加仓),10.0,128.4662,1284.66,0.0,0.0
2026-09-01,113046.SH,金田转债,买入(新建仓),750.0,136.3592,102269.42,0.0,0.0
2026-09-01,113605.SH,大参转债,买入(加仓),10.0,120.6854,1206.85,0.0,0.0
2026-09-01,113043.SH,财通转债,买入(新建仓),860.0,118.8037,102171.17,0.0,0.0
2026-09-01,113062.SH,常银转债,买入(加仓),10.0,130.1282,1301.28,0.0,0.0
2026-09-01,127080.SZ,声迅转债,卖出(减仓),350.0,281.7,98595.0,0.0,0.0
2026-09-01,123112.SZ,万讯转债,卖出(减仓),700.0,150.0,105000.0,0.0,0.0
2026-09-01,128134.SZ,鸿路转债,卖出(减仓),860.0,120.4,103544.0,0.0,0.0
2026-09-02,127080.SZ,声迅转债,卖出(清仓),0.0,276.2,0.0,0,0
2026-09-02,123112.SZ,万讯转债,卖出(清仓),0.0,147.3,0.0,0,0
2026-09-02,128134.SZ,鸿路转债,卖出(清仓),0.0,122.2,0.0,0,0
2026-09-15,110077.SH,洪城转债,卖出(减仓),20.0,207.005,4140.1,0.0,0.0
2026-09-15,113042.SH,上银转债,卖出(减仓),10.0,118.186,1181.86,0.0,0.0
2026-09-15,123243.SZ,严牌转债,卖出(减仓),20.0,236.386,4727.72,0.0,0.0
2026-09-15,113046.SH,金田转债,买入(加仓),20.0,136.1912,2723.82,0.0,0.0
2026-09-15,123091.SZ,长海转债,买入(新建仓),720.0,139.4633,100413.59,0.0,0.0
2026-09-15,113056.SH,重银转债,卖出(减仓),10.0,127.361,1273.61,0.0,0.0
2026-09-15,127080.SZ,声迅转债,买入(新建仓),460.0,216.5403,99608.55,0.0,0.0
2026-09-15,113062.SH,XD常银转,卖出(减仓),10.0,129.21,1292.1,632.0,0.0
2026-09-15,111000.SH,起帆转债,买入(新建仓),710.0,140.176,99524.99,0.0,0.0
2026-09-15,113043.SH,财通转债,卖出(减仓),860.0,113.8,97868.0,0.0,0.0
2026-09-15,113615.SH,金诚转债,卖出(减仓),130.0,730.965,95025.45,0.0,0.0
2026-09-15,127061.SZ,美锦转债,卖出(减仓),890.0,112.502,100126.78,0.0,0.0
2026-09-16,113043.SH,财通转债,卖出(清仓),0.0,111.517,0.0,0,0
2026-09-16,113615.SH,金诚转债,卖出(清仓),0.0,715.286,0.0,0,0
2026-09-16,127061.SZ,美锦转债,卖出(清仓),0.0,112.031,0.0,0,0
2026-09-30,110077.SH,洪城转债,买入(加仓),10.0,190.4483,1904.48,0.0,0.0
2026-09-30,113042.SH,上银转债,卖出(减仓),10.0,116.361,1163.61,0.0,0.0
2026-09-30,127047.SZ,帝欧转债,买入(新建仓),750.0,131.13,98347.5,0.0,0.0
2026-09-30,123243.SZ,严牌转债,卖出(减仓),40.0,266.3,10652.0,0.0,0.0
2026-09-30,111000.SH,起帆转债,买入(加仓),30.0,139.8363,4195.09,0.0,0.0
2026-09-30,113056.SH,重银转债,卖出(减仓),10.0,124.032,1240.32,0.0,0.0
2026-09-30,118058.SH,微导转债,买入(新建仓),300.0,319.8455,95953.66,0.0,0.0
2026-09-30,113610.SH,灵康转债,买入(新建仓),810.0,121.3322,98279.09,0.0,0.0
2026-09-30,113062.SH,常银转债,卖出(减仓),10.0,126.074,1260.74,0.0,0.0
2026-09-30,113686.SH,泰瑞转债,买入(新建仓),670.0,147.2631,98666.29,0.0,0.0
2026-09-30,127080.SZ,声迅转债,卖出(减仓),460.0,243.207,111875.22,0.0,0.0
2026-09-30,123091.SZ,长海转债,卖出(减仓),720.0,127.236,91609.92,0.0,0.0
2026-09-30,113046.SH,金田转债,卖出(减仓),770.0,111.187,85613.99,0.0,0.0
2026-09-30,113605.SH,大参转债,卖出(减仓),890.0,110.456,98305.84,0.0,0.0
