代码,名称,入场日,出场日,入场价,出场价,收益率,金额盈亏,持有交易日,入场溢价率,入场强赎状态,价格档,持有期最大浮盈,持有期最大浮亏,年化波动率,Z天数,入场即Z,停牌天数,未平仓
127042.SZ,嘉美转债,2026-01-05,2026-01-19,294.294,396.0,0.3456,33563.0,10,-0.0236,10/15 | 30,≥160,0.5548,-0.001,1.885,0,False,3,False
113657.SH,再22转债,2026-01-05,2026-01-19,302.606,237.087,-0.2165,-21621.0,10,-0.0179,强赎相关(排除推断),≥160,0.1186,-0.2165,1.1,2,False,0,False
127028.SZ,XD英特转,2026-01-05,2026-01-19,137.946,152.147,0.1029,10225.0,10,-0.0042,强赎相关(排除推断),130~160,0.0656,-0.0045,0.306,0,False,0,False
123233.SZ,凯盛转债,2026-01-05,2026-01-19,142.503,141.461,-0.0073,-730.0,10,-0.004,强赎相关(排除推断),130~160,-0.001,-0.0148,0.067,6,False,0,False
110074.SH,精达转债,2026-01-05,2026-01-19,395.885,551.996,0.3943,39028.0,10,-0.0038,10/15 | 30,≥160,0.3403,-0.001,0.531,0,False,0,False
113069.SH,博23转债,2026-01-05,2026-01-19,148.575,155.575,0.0471,4690.0,10,-0.0019,强赎相关(排除推断),130~160,0.0629,-0.001,0.29,1,False,0,False
123187.SZ,超达转债,2026-01-05,2026-01-19,154.465,181.475,0.1749,17286.0,10,-0.0009,11/15 | 30,130~160,0.1588,-0.005,0.713,0,False,0,False
123230.SZ,金钟转债,2026-01-05,2026-01-19,164.505,159.9,-0.028,-2763.0,10,-0.0005,强赎相关(排除推断),≥160,-0.001,-0.048,0.232,3,False,0,False
128116.SZ,瑞达转债,2026-01-05,2026-01-19,134.451,124.6,-0.0733,-7290.0,10,-0.0002,强赎相关(排除推断),130~160,0.0085,-0.0733,0.347,4,False,0,False
113045.SH,环旭转债,2026-01-05,2026-02-02,162.088,163.745,0.0102,887.0,20,0.0032,18/20 | 30,≥160,0.0798,-0.0903,0.586,6,False,0,False
118029.SH,富淼转债,2026-01-19,2026-02-02,141.267,145.966,0.0333,3571.0,10,-0.0034,强赎相关(排除推断),130~160,0.0672,-0.0908,0.738,0,False,0,False
118009.SH,华锐转债,2026-01-19,2026-02-02,153.557,159.442,0.0383,4060.0,10,-0.003,强赎相关(排除推断),130~160,0.0383,-0.031,0.473,3,False,0,False
127039.SZ,北港转债,2026-01-19,2026-02-24,134.394,132.518,-0.014,-1482.0,20,-0.0026,12/15 | 30,130~160,0.0086,-0.0344,0.167,5,False,0,False
113672.SH,福蓉转债,2026-01-19,2026-02-02,136.641,136.554,-0.0006,-67.0,10,-0.0025,强赎相关(排除推断),130~160,-0.0006,-0.0279,0.166,6,False,0,False
123159.SZ,崧盛转债,2026-01-19,2026-02-02,163.81,156.11,-0.047,-5005.0,10,0.0004,强赎相关(排除推断),≥160,0.0855,-0.0471,0.586,0,False,0,False
123207.SZ,冠中转债,2026-01-19,2026-02-02,249.249,203.877,-0.182,-19510.0,10,0.0018,公告不强赎,≥160,0.0211,-0.1454,0.509,0,False,0,False
123049.SZ,维尔转债,2026-01-19,2026-02-02,127.278,126.95,-0.0026,-276.0,10,0.0053,0/15 | 30,110~130,0.0264,-0.001,0.095,0,False,0,False
123128.SZ,首华转债,2026-01-19,2026-02-02,136.837,132.999,-0.028,-2993.0,10,0.0097,6/15 | 30,130~160,0.0821,-0.0149,0.448,0,False,0,False
110089.SH,兴发转债,2026-01-19,2026-02-24,148.117,146.234,-0.0127,-173.0,20,0.0126,9/15 | 30,130~160,0.0388,-0.1277,0.45,0,False,0,False
118043.SH,福立转债,2026-02-02,2026-02-24,151.801,143.809,-0.0526,-5434.0,10,-0.0059,强赎相关(排除推断),130~160,0.0148,-0.0526,0.249,7,False,0,False
113639.SH,华正转债,2026-02-02,2026-02-24,167.207,194.075,0.1607,16389.0,10,-0.0005,强赎相关(排除推断),≥160,0.1607,-0.006,0.42,4,False,0,False
110095.SH,双良转债,2026-02-02,2026-02-24,148.639,172.567,0.161,16510.0,10,-0.0004,6/15 | 30,130~160,0.2471,-0.0149,1.818,0,False,0,False
111016.SH,神通转债,2026-02-02,2026-02-24,119.605,123.25,0.0305,3134.0,10,0.0005,强赎相关(排除推断),110~130,0.0305,-0.0382,0.34,5,False,0,False
113676.SH,荣23转债,2026-02-02,2026-03-24,136.217,133.601,-0.0192,-1184.0,30,0.0008,11/15 | 30,130~160,0.1349,-0.0457,0.543,3,False,0,False
123242.SZ,赛龙转债,2026-02-02,2026-03-10,129.144,130.489,0.0104,884.0,20,0.0057,强赎相关(排除推断),110~130,0.0443,-0.001,0.161,7,False,0,False
128137.SZ,洁美转债,2026-02-02,2026-02-24,140.64,200.095,0.4227,43402.0,10,0.0067,10/15 | 30,130~160,0.2926,-0.001,0.417,0,False,0,False
123243.SZ,严牌转债,2026-02-02,2026-02-24,161.574,211.55,0.3093,31485.0,10,0.009,14/15 | 30,≥160,0.3338,-0.001,0.6,0,False,0,False
123128.SZ,首华转债,2026-02-24,2026-03-10,148.648,167.0,0.1235,14131.0,10,-0.0032,强赎相关(排除推断),130~160,0.1235,-0.0414,0.872,6,False,0,False
123221.SZ,力诺转债,2026-02-24,2026-03-10,125.63,117.605,-0.0639,-7383.0,10,-0.0083,强赎相关(排除推断),110~130,0.0128,-0.08,0.449,1,False,0,False
127071.SZ,天箭转债,2026-02-24,2026-03-10,126.586,140.0,0.106,12206.0,10,-0.0064,强赎相关(排除推断),110~130,0.106,-0.001,0.468,6,False,0,False
113623.SH,凤21转债,2026-02-24,2026-03-10,135.0,120.584,-0.1068,-12253.0,10,-0.0037,强赎相关(排除推断),130~160,0.0343,-0.1068,0.601,3,False,0,False
111019.SH,宏柏转债,2026-02-24,2026-03-24,153.642,192.679,0.2541,29170.0,20,-0.0035,12/15 | 30,130~160,0.3032,-0.001,0.682,5,False,0,False
127078.SZ,优彩转债,2026-02-24,2026-03-10,133.073,158.0,0.1873,21437.0,10,-0.003,强赎相关(排除推断),130~160,0.2059,-0.001,1.019,0,False,0,False
118000.SH,XD嘉元转,2026-02-24,2026-04-08,130.757,124.286,-0.0495,-4680.0,30,-0.0013,强赎相关(排除推断),130~160,0.0945,-0.1639,0.642,7,False,0,False
110094.SH,众和转债,2026-02-24,2026-03-10,133.541,136.23,0.0201,2312.0,10,-0.0009,强赎相关(排除推断),130~160,0.0651,-0.001,0.269,2,False,0,False
123239.SZ,锋工转债,2026-03-10,2026-04-08,150.55,112.4,-0.2534,-30396.0,20,-0.0122,强赎相关(排除推断),130~160,-0.001,-0.2862,0.44,9,False,0,False
113651.SH,松霖转债,2026-03-10,2026-03-24,191.896,216.685,0.1292,15865.0,10,-0.0051,强赎相关(排除推断),≥160,0.1292,-0.0061,0.819,5,False,0,False
118048.SH,利扬转债,2026-03-10,2026-04-08,199.765,165.531,-0.1714,-20905.0,20,-0.0034,强赎相关(排除推断),≥160,-0.001,-0.1941,0.512,9,False,0,False
123146.SZ,中环转2,2026-03-10,2026-04-08,130.03,131.52,0.0115,1279.0,20,-0.0021,强赎相关(排除推断),130~160,0.0681,-0.0387,0.35,2,False,0,False
123210.SZ,信服转债,2026-03-10,2026-03-24,117.222,116.6,-0.0053,-653.0,10,-0.0017,强赎相关(排除推断),110~130,-0.001,-0.0053,0.021,9,False,0,False
118055.SH,伟测转债,2026-03-10,2026-04-08,245.003,212.816,-0.1314,-15212.0,20,-0.0013,14/15 | 30,≥160,-0.001,-0.1975,0.5,6,False,0,False
127022.SZ,恒逸转债,2026-03-10,2026-03-24,130.18,114.5,-0.1204,-14739.0,10,-0.0011,强赎相关(排除推断),130~160,0.0691,-0.1204,0.628,3,False,0,False
127075.SZ,百川转2,2026-03-24,2026-04-08,156.657,172.0,0.0979,10894.0,10,-0.018,强赎相关(排除推断),130~160,0.0979,-0.001,0.326,8,False,0,False
113601.SH,塞力转债,2026-03-24,2026-04-08,174.116,192.063,0.1031,11486.0,10,-0.0122,强赎相关(排除推断),≥160,0.1847,-0.0372,0.864,2,False,0,False
123197.SZ,光力转债,2026-03-24,2026-04-08,130.43,134.262,0.0294,3257.0,10,-0.008,强赎相关(排除推断),130~160,0.0335,-0.0225,0.477,4,False,0,False
123246.SZ,远信转债,2026-03-24,2026-04-22,154.279,225.0,0.4584,50102.0,20,-0.0022,强赎相关(排除推断),130~160,0.5232,-0.001,0.58,8,False,0,False
127076.SZ,中宠转2,2026-03-24,2026-04-08,132.943,139.361,0.0483,5391.0,10,-0.0019,强赎相关(排除推断),130~160,0.0605,-0.0121,0.484,4,False,0,False
111013.SH,新港转债,2026-04-08,2026-05-11,174.914,134.943,-0.2285,-30058.0,20,-0.0213,6/15 | 30,≥160,-0.001,-0.265,0.667,0,False,0,False
127094.SZ,红墙转债,2026-04-08,2026-04-22,108.109,104.0,-0.038,-4602.0,10,-0.0057,强赎相关(排除推断),<110,-0.001,-0.038,0.181,9,False,0,False
123254.SZ,亿纬转债,2026-04-08,2026-04-22,127.446,136.888,0.0741,8970.0,10,-0.0036,强赎相关(排除推断),110~130,0.126,-0.001,0.397,2,False,0,False
123118.SZ,惠城转债,2026-04-08,2026-04-22,839.006,684.05,-0.1847,-21694.0,10,-0.0007,公告不强赎,≥160,-0.001,-0.1657,0.373,0,False,0,False
118030.SH,睿创转债,2026-04-08,2026-04-22,277.828,441.665,0.5897,70450.0,10,0.0013,强赎相关(排除推断),≥160,0.5783,-0.001,1.06,0,False,0,False
118006.SH,阿拉转债,2026-04-08,2026-05-11,138.306,139.801,0.0108,1282.0,20,0.0168,强赎相关(排除推断),130~160,0.0516,-0.0358,0.29,7,False,0,False
113687.SH,振华转债,2026-04-08,2026-04-22,485.621,430.333,-0.1139,-13822.0,10,0.0203,强赎相关(排除推断),≥160,-0.001,-0.1139,0.602,2,False,0,False
118038.SH,金宏转债,2026-04-08,2026-05-11,145.905,177.788,0.2185,25903.0,20,0.0211,强赎相关(排除推断),130~160,0.2185,-0.0581,0.554,9,False,0,False
113653.SH,永22转债,2026-04-08,2026-04-22,108.657,109.835,0.0108,1320.0,10,0.0223,强赎相关(排除推断),<110,0.0211,-0.0082,0.111,4,False,0,False
123129.SZ,锦鸡转债,2026-04-22,2026-05-11,146.955,126.3,-0.1406,-17763.0,10,-0.0062,强赎相关(排除推断),130~160,-0.001,-0.1406,0.324,4,False,0,False
123085.SZ,万顺转2,2026-04-22,2026-05-25,147.748,181.99,0.2318,30247.0,20,-0.0047,强赎相关(排除推断),130~160,0.3432,-0.0284,0.677,9,False,0,False
123256.SZ,恒帅转债,2026-04-22,2026-05-11,208.396,219.11,0.0514,6535.0,10,-0.004,强赎相关(排除推断),≥160,0.0514,-0.1065,0.564,2,False,0,False
113654.SH,永02转债,2026-04-22,2026-05-11,136.085,131.333,-0.0349,-4419.0,10,-0.0036,强赎相关(排除推断),130~160,-0.001,-0.0838,0.446,2,False,0,False
128141.SZ,旺能转债,2026-04-22,2026-05-25,134.534,156.688,0.1647,21703.0,20,-0.0027,14/15 | 30,130~160,0.1647,-0.0882,0.485,7,False,0,False
123236.SZ,家联转债,2026-04-22,2026-05-25,139.099,155.265,0.1162,15823.0,20,-0.0027,强赎相关(排除推断),130~160,0.2617,-0.001,0.725,1,False,0,False
113618.SH,美诺转债,2026-04-22,2026-05-11,237.801,299.451,0.2593,32675.0,10,0.0011,强赎相关(排除推断),≥160,0.2593,-0.001,0.636,5,False,0,False
118033.SH,华特转债,2026-05-11,2026-06-08,220.113,243.461,0.1061,18817.0,20,-0.0122,12/15 | 30,≥160,0.1061,-0.2177,1.11,2,False,0,False
123126.SZ,瑞丰转债,2026-05-11,2026-06-08,153.183,174.3,0.1379,18778.0,20,-0.0104,强赎相关(排除推断),130~160,0.1687,-0.0261,0.873,9,False,0,False
127024.SZ,盈峰转债,2026-05-11,2026-05-25,192.743,167.05,-0.1333,-17728.0,10,-0.0041,强赎相关(排除推断),≥160,0.0138,-0.1896,0.824,0,False,0,False
118003.SH,华兴转债,2026-05-11,2026-05-25,234.854,232.64,-0.0094,-1240.0,10,-0.0022,强赎相关(排除推断),≥160,0.0133,-0.0094,0.137,8,False,0,False
123054.SZ,思特转债,2026-05-11,2026-05-25,136.316,150.6,0.1048,13855.0,10,-0.0019,强赎相关(排除推断),130~160,0.3804,-0.0045,1.279,0,False,0,False
118004.SH,博瑞转债,2026-05-11,2026-05-25,186.621,175.848,-0.0577,-7649.0,10,-0.0016,强赎相关(排除推断),≥160,0.0209,-0.0577,0.272,5,False,0,False
127041.SZ,弘亚转债,2026-05-11,2026-05-25,130.092,120.0,-0.0776,-10294.0,10,0.0011,0/15 | 30,130~160,0.0054,-0.0676,0.246,0,False,0,False
123207.SZ,冠中转债,2026-05-25,2026-06-08,276.877,280.71,0.0138,1802.0,10,-0.0042,公告不强赎,≥160,0.0698,-0.0505,0.491,0,False,0,False
127026.SZ,超声转债,2026-05-25,2026-06-23,133.934,152.82,0.141,18051.0,20,-0.0151,强赎相关(排除推断),130~160,0.141,-0.0144,0.443,9,False,0,False
118041.SH,星球转债,2026-05-25,2026-06-08,145.054,122.364,-0.1564,-20648.0,10,-0.0123,强赎相关(排除推断),130~160,-0.001,-0.1564,0.264,2,False,0,False
123121.SZ,帝尔转债,2026-05-25,2026-06-08,216.917,223.669,0.0311,4051.0,10,-0.0038,强赎相关(排除推断),≥160,0.0631,-0.0288,0.531,7,False,0,False
113644.SH,艾迪转债,2026-05-25,2026-07-07,136.533,147.219,0.0783,14009.0,30,-0.0036,13/15 | 30,130~160,0.0783,-0.1456,0.566,2,False,0,False
111010.SH,立昂转债,2026-05-25,2026-06-23,160.962,194.793,0.2102,27402.0,20,-0.0027,13/15 | 30,≥160,0.3605,-0.0277,0.863,6,False,0,False
123061.SZ,航新转债,2026-05-25,2026-06-08,145.445,129.155,-0.112,-14661.0,10,-0.0022,9/15 | 30,130~160,0.0362,-0.1301,0.642,0,False,0,False
127066.SZ,科利转债,2026-05-25,2026-06-23,132.908,124.975,-0.0597,-7833.0,20,-0.0018,强赎相关(排除推断),130~160,-0.001,-0.1182,0.307,9,False,0,False
110074.SH,精达转债,2026-06-08,2026-08-04,352.128,222.81,-0.3672,-60735.0,40,-0.0019,公告不强赎,≥160,0.0602,-0.3931,0.538,6,False,0,False
128137.SZ,洁美转债,2026-06-08,2026-06-23,302.302,329.0,0.0883,11747.0,10,-0.0094,强赎相关(排除推断),≥160,0.1158,-0.0626,1.026,4,False,0,False
118057.SH,甬矽转债,2026-06-08,2026-06-23,184.312,203.355,0.1033,13711.0,10,-0.0069,强赎相关(排除推断),≥160,0.1033,-0.001,0.429,8,False,0,False
118018.SH,瑞科转债,2026-06-08,2026-07-07,148.938,261.941,0.7587,108508.0,20,-0.0036,强赎相关(排除推断),130~160,1.209,-0.001,1.297,5,False,0,False
111023.SH,利柏转债,2026-06-08,2026-06-23,117.341,116.348,-0.0085,-1132.0,10,-0.0034,强赎相关(排除推断),110~130,0.0221,-0.0565,0.406,3,False,0,False
127090.SZ,兴瑞转债,2026-06-08,2026-06-23,133.757,141.26,0.0561,7503.0,10,-0.0007,强赎相关(排除推断),130~160,0.0561,-0.001,0.216,8,False,0,False
127079.SZ,华亚转债,2026-06-23,2026-07-07,259.853,325.0,0.2507,37134.0,10,-0.003,强赎相关(排除推断),≥160,0.3277,-0.001,1.189,2,False,0,False
113632.SH,鹤21转债,2026-06-23,2026-07-21,132.038,106.47,-0.1936,-29972.0,20,0.0004,14/15 | 30,130~160,0.1015,-0.2216,0.543,0,False,0,False
123178.SZ,花园转债,2026-06-23,2026-07-21,156.525,138.444,-0.1155,-17261.0,20,0.0005,2/15 | 30,130~160,0.0949,-0.133,0.726,0,False,0,False
118025.SH,奕瑞转债,2026-06-23,2026-07-07,137.295,152.126,0.108,16017.0,10,0.0028,强赎相关(排除推断),130~160,0.108,-0.059,0.733,5,False,0,False
113624.SH,正川转债,2026-06-23,2026-08-04,143.29,129.931,-0.0932,-14949.0,30,0.0112,4/15 | 30,130~160,0.0222,-0.2174,0.595,6,False,0,False
111001.SH,山玻转债,2026-06-23,2026-07-07,190.298,189.777,-0.0027,-406.0,10,0.0121,强赎相关(排除推断),≥160,0.1693,-0.0087,0.89,4,False,0,False
123188.SZ,水羊转债,2026-06-23,2026-08-04,164.163,142.806,-0.1301,-19846.0,30,0.0126,2/15 | 30,≥160,0.0122,-0.2829,0.974,4,False,0,False
123251.SZ,华医转债,2026-07-07,2026-08-04,275.506,166.21,-0.3967,-60139.0,20,-0.0014,强赎相关(排除推断),≥160,-0.001,-0.4156,0.881,8,False,0,False
113658.SH,密卫转债,2026-07-07,2026-08-18,145.329,122.192,-0.1592,-22347.0,30,-0.0009,9/15 | 30,130~160,-0.001,-0.2568,0.433,8,False,0,False
118011.SH,银微转债,2026-07-07,2026-07-21,243.443,126.167,-0.4817,-71538.0,10,0.0048,强赎相关(排除推断),≥160,-0.001,-0.5124,0.713,0,False,0,False
118040.SH,宏微转债,2026-07-07,2026-07-21,128.751,100.801,-0.2171,-32142.0,10,0.0121,强赎相关(排除推断),110~130,0.0077,-0.2171,0.536,1,False,0,False
128134.SZ,鸿路转债,2026-07-21,2026-09-15,126.764,112.78,-0.1103,-13449.0,40,0.0058,0/15 | 30,110~130,-0.001,-0.1035,0.247,0,False,0,False
127067.SZ,XD恒逸转2,2026-07-21,2026-09-15,144.432,182.635,0.2645,30362.0,40,0.0171,公告不强赎,130~160,0.4055,-0.001,0.523,8,False,0,False
113039.SH,嘉泽转债,2026-07-21,2026-08-18,152.338,147.462,-0.032,-2984.0,20,0.0252,强赎相关(排除推断),130~160,0.1228,-0.0203,0.577,0,False,0,False
127061.SZ,美锦转债,2026-07-21,2026-09-15,107.397,112.031,0.0431,5585.0,40,0.0668,0/15 | 30,<110,0.0781,-0.001,0.187,0,False,0,False
118053.SH,正帆转债,2026-08-04,2026-08-18,122.798,168.904,0.3755,46106.0,10,-0.0112,强赎相关(排除推断),110~130,0.3755,-0.001,1.011,7,False,0,False
113667.SH,春23转债,2026-08-04,2026-09-01,181.965,181.029,-0.0051,223.0,20,0.0401,12/15 | 30,≥160,0.1799,-0.0246,0.653,5,False,0,False
113605.SH,大参转债,2026-08-04,2026-09-30,116.727,110.897,-0.0499,-6419.0,40,0.0576,0/15 | 30,110~130,-0.001,-0.0537,0.096,0,False,0,False
113697.SH,应流转债,2026-08-18,2026-09-01,165.012,140.011,-0.1515,-19501.0,10,-0.0011,强赎相关(排除推断),≥160,-0.001,-0.1515,0.417,6,False,0,False
123112.SZ,万讯转债,2026-08-18,2026-09-15,143.565,137.11,-0.045,-5509.0,20,0.0002,9/15 | 30,130~160,0.2385,-0.0597,1.3,2,False,0,False
123258.SZ,胜蓝转02,2026-09-15,2026-09-30,248.849,217.6,-0.1256,-15624.0,10,0.0199,强赎相关(排除推断),≥160,0.0695,-0.141,0.605,1,False,0,False
123091.SZ,长海转债,2026-09-15,2026-09-30,139.463,124.2,-0.1094,-13737.0,10,0.0391,2/15 | 30,130~160,0.0357,-0.0877,0.342,0,False,0,False
127080.SZ,声迅转债,2026-09-15,2026-09-30,216.54,239.72,0.107,13444.0,10,0.0497,12/15 | 30,≥160,0.1231,-0.001,0.407,0,False,0,False
123243.SZ,严牌转债,2026-09-01,2026-09-30,225.7,251.0,0.1121,13788.0,21,0.0168,4/15 | 30,≥160,0.1799,-0.0473,0.58,0,False,0,True
110077.SH,洪城转债,2026-07-07,2026-09-30,207.76,199.778,-0.0384,-4478.0,61,0.0036,公告不强赎,≥160,0.0275,-0.0508,0.155,0,False,0,True
113042.SH,上银转债,2026-08-04,2026-09-30,119.059,117.472,-0.0133,-1649.0,41,0.0543,0/15 | 30,110~130,0.0058,-0.0295,0.076,0,False,0,True
113056.SH,重银转债,2026-08-18,2026-09-30,127.297,125.331,-0.0154,-1959.0,31,0.0877,0/15 | 30,110~130,0.0095,-0.0256,0.067,0,False,0,True
113046.SH,金田转债,2026-09-01,2026-09-30,136.359,114.731,-0.1586,-20861.0,21,0.0303,5/15 | 30,130~160,0.0155,-0.1874,0.349,0,False,0,True
113062.SH,XD常银转,2026-09-15,2026-09-30,128.45,126.797,-0.0129,-1622.0,11,0.0543,0/15 | 30,110~130,-0.001,-0.0241,0.071,0,False,0,True
127047.SZ,帝欧转债,2026-09-30,2026-09-30,131.13,130.999,-0.001,-123.0,1,0.0153,10/15 | 30,130~160,-0.001,-0.001,0.0,0,False,0,True
111000.SH,起帆转债,2026-09-30,2026-09-30,131.795,131.663,-0.001,-124.0,1,0.0296,公告不强赎,130~160,-0.001,-0.001,0.0,0,False,0,True
118058.SH,微导转债,2026-09-30,2026-09-30,319.846,319.526,-0.001,-121.0,1,0.0489,12/15 | 30,≥160,-0.001,-0.001,0.0,0,False,0,True
113610.SH,灵康转债,2026-09-30,2026-09-30,121.332,121.211,-0.001,-124.0,1,0.0532,0/15 | 30,110~130,-0.001,-0.001,0.0,0,False,0,True
